Compound_Name,Cosine score,Mirror plots USI link,Compound cleaned name,Source,Specific industry or broad chemical class,Citation,Notes,superclass,class,subclass
Spectral Match to L-Tyrosine from NIST14,0.9726,http://metabolomics-usi.gnps2.org/dashinterface?usi1=mzspec%3AGNPS%3ATASK-991ffcd3523e4e92afa3387f6096d9dc-spectra%2Fspecs_ms.mgf%3Ascan%3A126&usi2=mzspec%3AGNPS%3AGNPS%3AGNPS-LIBRARY%3Aaccession%3ACCMSLIB00003134760&width=10.0&height=6.0&mz_min=None&mz_max=None&max_intensity=125&annotate_precision=4&annotation_rotation=90&cosine=standard&fragment_mz_tolerance=0.1&grid=True&annotate_peaks=%5B%5B91.05380249023438%2C%20123.043701171875%2C%20136.0753936767578%2C%20147.04379272460938%5D%2C%20%5B91.05409240722656%2C%20123.04378509521484%2C%20136.07553100585938%2C%20147.04379272460938%2C%20165.05474853515625%5D%5D,L-Tyrosine,Coral holobiont metabolite,Amino acid,"Wegley Kelly et al., 2022; Quinlan et al., 2018",,Organic acids and derivatives,Carboxylic acids and derivatives,"Amino acids, peptides, and analogues"
DL-PHENYLALANINE CollisionEnergy:205060,0.9993,http://metabolomics-usi.gnps2.org/dashinterface?usi1=mzspec%3AGNPS%3ATASK-991ffcd3523e4e92afa3387f6096d9dc-spectra%2Fspecs_ms.mgf%3Ascan%3A88&usi2=mzspec%3AGNPS%3AGNPS%3AGNPS-LIBRARY%3Aaccession%3ACCMSLIB00010119931&width=10.0&height=6.0&mz_min=None&mz_max=None&max_intensity=125&annotate_precision=4&annotation_rotation=90&cosine=standard&fragment_mz_tolerance=0.1&grid=True&annotate_peaks=%5B%5B120.08049774169922%5D%2C%20%5B103.05433654785156%2C%20120.08088684082031%5D%5D,DL-PHENYLALANINE,Coral holobiont metabolite,Amino acid,"Wegley Kelly et al., 2022; Quinlan et al., 2018",,Organic acids and derivatives,Carboxylic acids and derivatives,"Amino acids, peptides, and analogues"
BETAINE,0.9479,http://metabolomics-usi.gnps2.org/dashinterface?usi1=mzspec%3AGNPS%3ATASK-991ffcd3523e4e92afa3387f6096d9dc-spectra%2Fspecs_ms.mgf%3Ascan%3A13&usi2=mzspec%3AGNPS%3AGNPS%3AGNPS-LIBRARY%3Aaccession%3ACCMSLIB00006683627&width=10.0&height=6.0&mz_min=None&mz_max=None&max_intensity=125&annotate_precision=4&annotation_rotation=90&cosine=standard&fragment_mz_tolerance=0.1&grid=True&annotate_peaks=%5B%5B59.072898864746094%2C%20118.08650207519531%5D%2C%20%5B58.06534957885742%2C%20118.08704376220703%5D%5D,BETAINE,Coral holobiont metabolite,Betaine,"Pei et al., 2022; Deutsch et al., 2024",,Organic acids and derivatives,Carboxylic acids and derivatives,"Amino acids, peptides, and analogues"
betaine,0.9160,http://metabolomics-usi.gnps2.org/dashinterface?usi1=mzspec%3AGNPS%3ATASK-991ffcd3523e4e92afa3387f6096d9dc-spectra%2Fspecs_ms.mgf%3Ascan%3A44&usi2=mzspec%3AGNPS%3AGNPS%3AGNPS-LIBRARY%3Aaccession%3ACCMSLIB00006364754&width=10.0&height=6.0&mz_min=None&mz_max=None&max_intensity=125&annotate_precision=4&annotation_rotation=90&cosine=standard&fragment_mz_tolerance=0.1&grid=True&annotate_peaks=%5B%5B74.09639739990234%2C%2096.07839965820312%2C%20140.068603515625%5D%2C%20%5B74.09600067138672%2C%2096.0780029296875%2C%20140.0679931640625%5D%5D,betaine,Coral holobiont metabolite,Betaine,"Pei et al., 2022; Deutsch et al., 2024",,Organic acids and derivatives,Carboxylic acids and derivatives,"Amino acids, peptides, and analogues"
DGCC (28:7),0.7756,http://metabolomics-usi.gnps2.org/dashinterface?usi1=mzspec%3AGNPS%3ATASK-991ffcd3523e4e92afa3387f6096d9dc-spectra%2Fspecs_ms.mgf%3Ascan%3A1665&usi2=mzspec%3AGNPS%3AGNPS%3AGNPS-LIBRARY%3Aaccession%3ACCMSLIB00006678239&width=10.0&height=6.0&mz_min=None&mz_max=None&max_intensity=125&annotate_precision=4&annotation_rotation=90&cosine=standard&fragment_mz_tolerance=0.1&grid=True&annotate_peaks=%5B%5B104.10679626464844%2C%20642.4381713867188%5D%2C%20%5B104.1072006225586%2C%20642.4349975585938%5D%5D,DGCC (28:7),Coral holobiont metabolite,Betaine,Ermolenko and Sikorskaya 2021,,NA,NA,NA
DGCC (36:5),0.9987,http://metabolomics-usi.gnps2.org/dashinterface?usi1=mzspec%3AGNPS%3ATASK-991ffcd3523e4e92afa3387f6096d9dc-spectra%2Fspecs_ms.mgf%3Ascan%3A1926&usi2=mzspec%3AGNPS%3AGNPS%3AGNPS-LIBRARY%3Aaccession%3ACCMSLIB00006678237&width=10.0&height=6.0&mz_min=None&mz_max=None&max_intensity=125&annotate_precision=4&annotation_rotation=90&cosine=standard&fragment_mz_tolerance=0.1&grid=True&annotate_peaks=%5B%5B104.10679626464844%2C%20774.5869140625%5D%2C%20%5B104.1072006225586%2C%20774.5861206054688%5D%5D,DGCC (36:5),Coral holobiont metabolite,Betaine,Ermolenko and Sikorskaya 2021,,NA,NA,NA
DGCC (38:6),0.9967,http://metabolomics-usi.gnps2.org/dashinterface?usi1=mzspec%3AGNPS%3ATASK-991ffcd3523e4e92afa3387f6096d9dc-spectra%2Fspecs_ms.mgf%3Ascan%3A1987&usi2=mzspec%3AGNPS%3AGNPS%3AGNPS-LIBRARY%3Aaccession%3ACCMSLIB00006678235&width=10.0&height=6.0&mz_min=None&mz_max=None&max_intensity=125&annotate_precision=4&annotation_rotation=90&cosine=standard&fragment_mz_tolerance=0.1&grid=True&annotate_peaks=%5B%5B104.10669708251953%2C%20800.6024780273438%5D%2C%20%5B104.1072006225586%2C%20800.601318359375%5D%5D,DGCC (38:6),Coral holobiont metabolite,Betaine,Ermolenko and Sikorskaya 2021,,NA,NA,NA
Lyso DGCC (14:0),0.9708,http://metabolomics-usi.gnps2.org/dashinterface?usi1=mzspec%3AGNPS%3ATASK-991ffcd3523e4e92afa3387f6096d9dc-spectra%2Fspecs_ms.mgf%3Ascan%3A1192&usi2=mzspec%3AGNPS%3AGNPS%3AGNPS-LIBRARY%3Aaccession%3ACCMSLIB00006678243&width=10.0&height=6.0&mz_min=None&mz_max=None&max_intensity=125&annotate_precision=4&annotation_rotation=90&cosine=standard&fragment_mz_tolerance=0.1&grid=True&annotate_peaks=%5B%5B104.10639953613281%2C%20132.10130310058594%2C%20462.3424072265625%5D%2C%20%5B104.1072006225586%2C%20462.34149169921875%5D%5D,Lyso DGCC (14:0),Coral holobiont metabolite,Betaine,"Pei et al., 2022",,NA,NA,NA
Lyso DGCC (16:0),0.9781,http://metabolomics-usi.gnps2.org/dashinterface?usi1=mzspec%3AGNPS%3ATASK-991ffcd3523e4e92afa3387f6096d9dc-spectra%2Fspecs_ms.mgf%3Ascan%3A1280&usi2=mzspec%3AGNPS%3AGNPS%3AGNPS-LIBRARY%3Aaccession%3ACCMSLIB00006678242&width=10.0&height=6.0&mz_min=None&mz_max=None&max_intensity=125&annotate_precision=4&annotation_rotation=90&cosine=standard&fragment_mz_tolerance=0.1&grid=True&annotate_peaks=%5B%5B104.10639953613281%2C%20132.10130310058594%2C%20490.3736877441406%5D%2C%20%5B104.1072006225586%2C%20490.3728942871094%5D%5D,Lyso DGCC (16:0),Coral holobiont metabolite,Betaine,"Pei et al., 2022",,NA,NA,NA
Lyso DGCC (18:5),0.9683,http://metabolomics-usi.gnps2.org/dashinterface?usi1=mzspec%3AGNPS%3ATASK-991ffcd3523e4e92afa3387f6096d9dc-spectra%2Fspecs_ms.mgf%3Ascan%3A1455&usi2=mzspec%3AGNPS%3AGNPS%3AGNPS-LIBRARY%3Aaccession%3ACCMSLIB00006678241&width=10.0&height=6.0&mz_min=None&mz_max=None&max_intensity=125&annotate_precision=4&annotation_rotation=90&cosine=standard&fragment_mz_tolerance=0.1&grid=True&annotate_peaks=%5B%5B104.10649871826172%2C%20132.10130310058594%2C%20536.35791015625%5D%2C%20%5B104.1072006225586%2C%20536.357421875%5D%5D,Lyso DGCC (18:5),Coral holobiont metabolite,Betaine,"Pei et al., 2022",,NA,NA,NA
Lyso DGCC (22:6),0.9834,http://metabolomics-usi.gnps2.org/dashinterface?usi1=mzspec%3AGNPS%3ATASK-991ffcd3523e4e92afa3387f6096d9dc-spectra%2Fspecs_ms.mgf%3Ascan%3A1525&usi2=mzspec%3AGNPS%3AGNPS%3AGNPS-LIBRARY%3Aaccession%3ACCMSLIB00006678240&width=10.0&height=6.0&mz_min=None&mz_max=None&max_intensity=125&annotate_precision=4&annotation_rotation=90&cosine=standard&fragment_mz_tolerance=0.1&grid=True&annotate_peaks=%5B%5B104.10639953613281%2C%20132.10130310058594%2C%20562.3734741210938%5D%2C%20%5B104.1072006225586%2C%20562.3729248046875%5D%5D,Lyso DGCC (22:6),Coral holobiont metabolite,Betaine,"Pei et al., 2022",,NA,NA,NA
Stachydrine (L-proline betaine),0.9960,http://metabolomics-usi.gnps2.org/dashinterface?usi1=mzspec%3AGNPS%3ATASK-991ffcd3523e4e92afa3387f6096d9dc-spectra%2Fspecs_ms.mgf%3Ascan%3A49&usi2=mzspec%3AGNPS%3AGNPS%3AGNPS-LIBRARY%3Aaccession%3ACCMSLIB00010129555&width=10.0&height=6.0&mz_min=None&mz_max=None&max_intensity=125&annotate_precision=4&annotation_rotation=90&cosine=standard&fragment_mz_tolerance=0.1&grid=True&annotate_peaks=%5B%5B144.10159301757812%5D%2C%20%5B58.06510543823242%2C%2084.08021545410156%2C%20144.1013946533203%5D%5D,Stachydrine (L-proline betaine),Coral holobiont metabolite,Betaine,"Pei et al., 2023",,Organic acids and derivatives,Carboxylic acids and derivatives,"Amino acids, peptides, and analogues"
(-)-L-Carnitine - 40.0 eV,0.7673,http://metabolomics-usi.gnps2.org/dashinterface?usi1=mzspec%3AGNPS%3ATASK-991ffcd3523e4e92afa3387f6096d9dc-spectra%2Fspecs_ms.mgf%3Ascan%3A82&usi2=mzspec%3AGNPS%3AGNPS%3AGNPS-LIBRARY%3Aaccession%3ACCMSLIB00006121071&width=10.0&height=6.0&mz_min=None&mz_max=None&max_intensity=125&annotate_precision=4&annotation_rotation=90&cosine=standard&fragment_mz_tolerance=0.1&grid=True&annotate_peaks=%5B%5B58.06489944458008%2C%2086.09619903564453%2C%20118.08609771728516%2C%20162.11270141601562%5D%2C%20%5B60.08039855957031%2C%2085.02790069580078%2C%20103.03849792480469%2C%20162.1121063232422%5D%5D,(-)-L-Carnitine,Coral holobiont metabolite,Carnitine,"Deutsch et al., 2024",,Organic nitrogen compounds,Organonitrogen compounds,Quaternary ammonium salts
Acetylcarnitine - 40.0 eV,0.9979,http://metabolomics-usi.gnps2.org/dashinterface?usi1=mzspec%3AGNPS%3ATASK-991ffcd3523e4e92afa3387f6096d9dc-spectra%2Fspecs_ms.mgf%3Ascan%3A179&usi2=mzspec%3AGNPS%3AGNPS%3AGNPS-LIBRARY%3Aaccession%3ACCMSLIB00006121158&width=10.0&height=6.0&mz_min=None&mz_max=None&max_intensity=125&annotate_precision=4&annotation_rotation=90&cosine=standard&fragment_mz_tolerance=0.1&grid=True&annotate_peaks=%5B%5B85.02799987792969%5D%2C%20%5B60.080501556396484%2C%2085.0280990600586%5D%5D,Acetylcarnitine,Coral holobiont metabolite,Carnitine,"Deutsch et al., 2024",,Lipids and lipid-like molecules,Fatty Acyls,Fatty acid esters
Butyrylcarnitine - 40.00 eV,0.9981,http://metabolomics-usi.gnps2.org/dashinterface?usi1=mzspec%3AGNPS%3ATASK-991ffcd3523e4e92afa3387f6096d9dc-spectra%2Fspecs_ms.mgf%3Ascan%3A261&usi2=mzspec%3AGNPS%3AGNPS%3AGNPS-LIBRARY%3Aaccession%3ACCMSLIB00005885051&width=10.0&height=6.0&mz_min=None&mz_max=None&max_intensity=125&annotate_precision=4&annotation_rotation=90&cosine=standard&fragment_mz_tolerance=0.1&grid=True&annotate_peaks=%5B%5B85.0280990600586%5D%2C%20%5B85.0282974243164%5D%5D,Butyrylcarnitine,Coral holobiont metabolite,Carnitine,"Wegley Kelly et al., 2022",,Lipids and lipid-like molecules,Fatty Acyls,Fatty acid esters
Isovalerylcarnitine - 40.00 eV,0.9988,http://metabolomics-usi.gnps2.org/dashinterface?usi1=mzspec%3AGNPS%3ATASK-991ffcd3523e4e92afa3387f6096d9dc-spectra%2Fspecs_ms.mgf%3Ascan%3A295&usi2=mzspec%3AGNPS%3AGNPS%3AGNPS-LIBRARY%3Aaccession%3ACCMSLIB00005885057&width=10.0&height=6.0&mz_min=None&mz_max=None&max_intensity=125&annotate_precision=4&annotation_rotation=90&cosine=standard&fragment_mz_tolerance=0.1&grid=True&annotate_peaks=%5B%5B85.0280990600586%5D%2C%20%5B85.0282974243164%5D%5D,Isovalerylcarnitine,Coral holobiont metabolite,Carnitine,"Wegley Kelly et al., 2022",Conner and Gracey 2012 â€” state it is a Leucine degradation product,Lipids and lipid-like molecules,Fatty Acyls,Fatty acid esters
Massbank:RP025402 Tetradecanoyl-L-Carnitine|L-Myristoylcarnitine|(3R)-3-tetradecanoyloxy-4-(trimethylazaniumyl)butanoate,0.8965,http://metabolomics-usi.gnps2.org/dashinterface?usi1=mzspec%3AGNPS%3ATASK-991ffcd3523e4e92afa3387f6096d9dc-spectra%2Fspecs_ms.mgf%3Ascan%3A913&usi2=mzspec%3AGNPS%3AGNPS%3AGNPS-LIBRARY%3Aaccession%3ACCMSLIB00005738576&width=10.0&height=6.0&mz_min=None&mz_max=None&max_intensity=125&annotate_precision=4&annotation_rotation=90&cosine=standard&fragment_mz_tolerance=0.1&grid=True&annotate_peaks=%5B%5B85.0280990600586%2C%20313.2372131347656%2C%20372.3106994628906%5D%2C%20%5B85.02760314941406%2C%20313.23699951171875%2C%20372.310791015625%5D%5D,Tetradecanoyl-L-Carnitine,Coral holobiont metabolite,Carnitine,"Wegley Kelly et al., 2022",,Lipids and lipid-like molecules,Fatty Acyls,Fatty acid esters
Massbank:RP025602 Stearoyl-L-Carnitine|stearoylcarnitine|3-octadecanoyloxy-4-(trimethylazaniumyl)butanoate,0.7322,http://metabolomics-usi.gnps2.org/dashinterface?usi1=mzspec%3AGNPS%3ATASK-991ffcd3523e4e92afa3387f6096d9dc-spectra%2Fspecs_ms.mgf%3Ascan%3A1112&usi2=mzspec%3AGNPS%3AGNPS%3AGNPS-LIBRARY%3Aaccession%3ACCMSLIB00005738771&width=10.0&height=6.0&mz_min=None&mz_max=None&max_intensity=125&annotate_precision=4&annotation_rotation=90&cosine=standard&fragment_mz_tolerance=0.1&grid=True&annotate_peaks=%5B%5B85.0280990600586%2C%20369.2998046875%2C%20428.37310791015625%5D%2C%20%5B85.02760314941406%2C%20428.373291015625%5D%5D,Stearoyl-L-Carnitine,Coral holobiont metabolite,Carnitine,"Wegley Kelly et al., 2022",,Lipids and lipid-like molecules,Fatty Acyls,Fatty acid esters
Palmitoylcarnitine,0.9910,http://metabolomics-usi.gnps2.org/dashinterface?usi1=mzspec%3AGNPS%3ATASK-991ffcd3523e4e92afa3387f6096d9dc-spectra%2Fspecs_ms.mgf%3Ascan%3A1025&usi2=mzspec%3AGNPS%3AGNPS%3AGNPS-LIBRARY%3Aaccession%3ACCMSLIB00004719808&width=10.0&height=6.0&mz_min=None&mz_max=None&max_intensity=125&annotate_precision=4&annotation_rotation=90&cosine=standard&fragment_mz_tolerance=0.1&grid=True&annotate_peaks=%5B%5B85.0281982421875%2C%20341.26849365234375%2C%20400.3418884277344%5D%2C%20%5B60.082000732421875%2C%2085.029296875%2C%20341.2681884765625%2C%20400.3418884277344%5D%5D,Palmitoylcarnitine,Coral holobiont metabolite,Carnitine,"Wegley Kelly et al., 2022",,Lipids and lipid-like molecules,Fatty Acyls,Fatty acid esters
PROPIONYLCARNITINE,0.9976,http://metabolomics-usi.gnps2.org/dashinterface?usi1=mzspec%3AGNPS%3ATASK-991ffcd3523e4e92afa3387f6096d9dc-spectra%2Fspecs_ms.mgf%3Ascan%3A223&usi2=mzspec%3AGNPS%3AGNPS%3AGNPS-LIBRARY%3Aaccession%3ACCMSLIB00006683359&width=10.0&height=6.0&mz_min=None&mz_max=None&max_intensity=125&annotate_precision=4&annotation_rotation=90&cosine=standard&fragment_mz_tolerance=0.1&grid=True&annotate_peaks=%5B%5B85.0280990600586%5D%2C%20%5B85.03079223632812%5D%5D,PROPIONYLCARNITINE,Coral holobiont metabolite,Carnitine,"Pei et al., 2022",,Lipids and lipid-like molecules,Fatty Acyls,Fatty acid esters
acetylcholine CollisionEnergy:102040,0.9747,http://metabolomics-usi.gnps2.org/dashinterface?usi1=mzspec%3AGNPS%3ATASK-991ffcd3523e4e92afa3387f6096d9dc-spectra%2Fspecs_ms.mgf%3Ascan%3A51&usi2=mzspec%3AGNPS%3AGNPS%3AGNPS-LIBRARY%3Aaccession%3ACCMSLIB00010103134&width=10.0&height=6.0&mz_min=None&mz_max=None&max_intensity=125&annotate_precision=4&annotation_rotation=90&cosine=standard&fragment_mz_tolerance=0.1&grid=True&annotate_peaks=%5B%5B60.080501556396484%2C%2087.043701171875%2C%20146.11740112304688%5D%2C%20%5B87.04450225830078%5D%5D,acetylcholine,Coral holobiont metabolite,Choline,"Horiuchi et al., 2003",,Organic nitrogen compounds,Organonitrogen compounds,Quaternary ammonium salts
PE(20:4/0:0); [M+H]+ C25H45N1O7P1,0.9926,http://metabolomics-usi.gnps2.org/dashinterface?usi1=mzspec%3AGNPS%3ATASK-991ffcd3523e4e92afa3387f6096d9dc-spectra%2Fspecs_ms.mgf%3Ascan%3A1328&usi2=mzspec%3AGNPS%3AGNPS%3AGNPS-LIBRARY%3Aaccession%3ACCMSLIB00010067068&width=10.0&height=6.0&mz_min=None&mz_max=None&max_intensity=125&annotate_precision=4&annotation_rotation=90&cosine=standard&fragment_mz_tolerance=0.1&grid=True&annotate_peaks=%5B%5B119.08519744873047%2C%20203.17909240722656%2C%20269.22589111328125%2C%20361.2731018066406%5D%2C%20%5B95.08507537841797%2C%20119.0851821899414%2C%20203.1790008544922%2C%20269.2254943847656%2C%20361.2727966308594%5D%5D,PE(20:4/0:0),Coral holobiont metabolite,phosphoethanolamine,"Li et al., 2024; Li et al., 2022; Pei et al., 2022; Sikorskaya 2023",Clusters molecularly with pharmaceutical compounds,NA,NA,NA
PE(22:4/0:0); [M+H]+ C27H49N1O7P1,0.9942,http://metabolomics-usi.gnps2.org/dashinterface?usi1=mzspec%3AGNPS%3ATASK-991ffcd3523e4e92afa3387f6096d9dc-spectra%2Fspecs_ms.mgf%3Ascan%3A1438&usi2=mzspec%3AGNPS%3AGNPS%3AGNPS-LIBRARY%3Aaccession%3ACCMSLIB00010099871&width=10.0&height=6.0&mz_min=None&mz_max=None&max_intensity=125&annotate_precision=4&annotation_rotation=90&cosine=standard&fragment_mz_tolerance=0.1&grid=True&annotate_peaks=%5B%5B358.3103942871094%2C%20389.30499267578125%5D%2C%20%5B358.309814453125%2C%20389.3044128417969%5D%5D,PE(22:4/0:0),Coral holobiont metabolite,phosphoethanolamine,"Li et al., 2024; Li et al., 2022; Pei et al., 2022; Sikorskaya 2023",Clusters molecularly with pharmaceutical compounds,NA,NA,NA
DGTS 16:0,0.9589,http://metabolomics-usi.gnps2.org/dashinterface?usi1=mzspec%3AGNPS%3ATASK-991ffcd3523e4e92afa3387f6096d9dc-spectra%2Fspecs_ms.mgf%3Ascan%3A1244&usi2=mzspec%3AGNPS%3AGNPS%3AGNPS-LIBRARY%3Aaccession%3ACCMSLIB00009918999&width=10.0&height=6.0&mz_min=None&mz_max=None&max_intensity=125&annotate_precision=4&annotation_rotation=90&cosine=standard&fragment_mz_tolerance=0.1&grid=True&annotate_peaks=%5B%5B236.1490020751953%2C%20474.3782043457031%5D%2C%20%5B58.06529998779297%2C%20236.14889526367188%2C%20474.3788146972656%5D%5D,DGTS 16:0,Coral holobiont metabolite,Phospholipid,"Li et al., 2017",,NA,NA,NA
DGTS 18:2,0.9350,http://metabolomics-usi.gnps2.org/dashinterface?usi1=mzspec%3AGNPS%3ATASK-991ffcd3523e4e92afa3387f6096d9dc-spectra%2Fspecs_ms.mgf%3Ascan%3A1308&usi2=mzspec%3AGNPS%3AGNPS%3AGNPS-LIBRARY%3Aaccession%3ACCMSLIB00009919006&width=10.0&height=6.0&mz_min=None&mz_max=None&max_intensity=125&annotate_precision=4&annotation_rotation=90&cosine=standard&fragment_mz_tolerance=0.1&grid=True&annotate_peaks=%5B%5B236.14939880371094%2C%20498.3789978027344%5D%2C%20%5B58.06529998779297%2C%20236.14889526367188%2C%20498.3785095214844%5D%5D,DGTS 18:2,Coral holobiont metabolite,Phospholipid,"Li et al., 2017",,NA,NA,NA
DGTS 20:3,0.9385,http://metabolomics-usi.gnps2.org/dashinterface?usi1=mzspec%3AGNPS%3ATASK-991ffcd3523e4e92afa3387f6096d9dc-spectra%2Fspecs_ms.mgf%3Ascan%3A1426&usi2=mzspec%3AGNPS%3AGNPS%3AGNPS-LIBRARY%3Aaccession%3ACCMSLIB00009919007&width=10.0&height=6.0&mz_min=None&mz_max=None&max_intensity=125&annotate_precision=4&annotation_rotation=90&cosine=standard&fragment_mz_tolerance=0.1&grid=True&annotate_peaks=%5B%5B236.14939880371094%2C%20524.3947143554688%5D%2C%20%5B58.06529998779297%2C%20236.1490020751953%2C%20524.3942260742188%5D%5D,DGTS 20:3,Coral holobiont metabolite,Phospholipid,"Li et al., 2017",,NA,NA,NA
Massbank:LU086203 Pentaethylene glycol|2-[2-[2-[2-(2-hydroxyethoxy)ethoxy]ethoxy]ethoxy]ethanol,0.9925,http://metabolomics-usi.gnps2.org/dashinterface?usi1=mzspec%3AGNPS%3ATASK-991ffcd3523e4e92afa3387f6096d9dc-spectra%2Fspecs_ms.mgf%3Ascan%3A278&usi2=mzspec%3AGNPS%3AGNPS%3AGNPS-LIBRARY%3Aaccession%3ACCMSLIB00005765902&width=10.0&height=6.0&mz_min=None&mz_max=None&max_intensity=125&annotate_precision=4&annotation_rotation=90&cosine=standard&fragment_mz_tolerance=0.1&grid=True&annotate_peaks=%5B%5B89.05940246582031%2C%20133.08560180664062%5D%2C%20%5B89.05970001220703%5D%5D,Pentaethylene glycol,Coral holobiont metabolite,Polyethylene glycol,***,"Based on hexaethylene glycol production in coral from Ibrahim et al., this could be a coral metabolite or from motor traffic",Organic oxygen compounds,Organooxygen compounds,Ethers
Spectral Match to Hexaethylene glycol from NIST14,0.8836,http://metabolomics-usi.gnps2.org/dashinterface?usi1=mzspec%3AGNPS%3ATASK-991ffcd3523e4e92afa3387f6096d9dc-spectra%2Fspecs_ms.mgf%3Ascan%3A421&usi2=mzspec%3AGNPS%3AGNPS%3AGNPS-LIBRARY%3Aaccession%3ACCMSLIB00003134614&width=10.0&height=6.0&mz_min=None&mz_max=None&max_intensity=125&annotate_precision=4&annotation_rotation=90&cosine=standard&fragment_mz_tolerance=0.1&grid=True&annotate_peaks=%5B%5B89.05940246582031%2C%20133.08560180664062%5D%2C%20%5B89.05986785888672%2C%20133.08544921875%2C%20177.1121368408203%2C%20283.1763610839844%5D%5D,Hexaethylene glycol,Coral holobiont metabolite,Polyethylene glycol,"Ibrahim et al., 2022",,Organic oxygen compounds,Organooxygen compounds,Ethers
Spectral Match to Tetraethylene glycol from NIST14,0.7925,http://metabolomics-usi.gnps2.org/dashinterface?usi1=mzspec%3AGNPS%3ATASK-991ffcd3523e4e92afa3387f6096d9dc-spectra%2Fspecs_ms.mgf%3Ascan%3A154&usi2=mzspec%3AGNPS%3AGNPS%3AGNPS-LIBRARY%3Aaccession%3ACCMSLIB00003139724&width=10.0&height=6.0&mz_min=None&mz_max=None&max_intensity=125&annotate_precision=4&annotation_rotation=90&cosine=standard&fragment_mz_tolerance=0.1&grid=True&annotate_peaks=%5B%5B89.0593032836914%5D%2C%20%5B45.03244400024414%2C%2089.05889129638672%2C%20107.07100677490234%2C%20133.08584594726562%2C%20195.12234497070312%5D%5D,Tetraethylene glycol,Coral holobiont metabolite,Polyethylene glycol,***,"Based on hexaethylene glycol production in coral from Ibrahim et al., this could be a coral metabolite or from motor traffic",NA,NA,NA
Massbank:RP000501 L-Tryptophan|(2S)-2-amino-3-(1H-indol-3-yl)propanoic acid,0.9998,http://metabolomics-usi.gnps2.org/dashinterface?usi1=mzspec%3AGNPS%3ATASK-991ffcd3523e4e92afa3387f6096d9dc-spectra%2Fspecs_ms.mgf%3Ascan%3A182&usi2=mzspec%3AGNPS%3AGNPS%3AGNPS-LIBRARY%3Aaccession%3ACCMSLIB00005738434&width=10.0&height=6.0&mz_min=None&mz_max=None&max_intensity=125&annotate_precision=4&annotation_rotation=90&cosine=standard&fragment_mz_tolerance=0.1&grid=True&annotate_peaks=%5B%5B188.0706024169922%2C%20205.09719848632812%5D%2C%20%5B188.0699005126953%2C%20205.09649658203125%5D%5D,L-Tryptophan|(2S)-2-amino-3-(1H-indol-3-yl)propanoic acid,Coral holobiont metabolite,Amino acid,"Wegley Kelly et al., 2022; Quinlan et al., 2018",,Organoheterocyclic compounds,Indoles and derivatives,Indolyl carboxylic acids and derivatives
Dimethylsulfoniopropionate (DMSP),0.9807,http://metabolomics-usi.gnps2.org/dashinterface?usi1=mzspec%3AGNPS%3ATASK-991ffcd3523e4e92afa3387f6096d9dc-spectra%2Fspecs_ms.mgf%3Ascan%3A35&usi2=mzspec%3AGNPS%3AGNPS%3AGNPS-LIBRARY%3Aaccession%3ACCMSLIB00006716179&width=10.0&height=6.0&mz_min=None&mz_max=None&max_intensity=125&annotate_precision=4&annotation_rotation=90&cosine=standard&fragment_mz_tolerance=0.1&grid=True&annotate_peaks=%5B%5B63.0260009765625%2C%2073.0280990600586%2C%20135.04710388183594%5D%2C%20%5B73.02860260009766%2C%20135.04766845703125%5D%5D,Dimethylsulfoniopropionate (DMSP),Coral holobiont stress response,Sulfinated compound,"Raina et al., 2013; Gardner et al., 2022",,NA,NA,NA
Homarine,0.9981,http://metabolomics-usi.gnps2.org/dashinterface?usi1=mzspec%3AGNPS%3ATASK-991ffcd3523e4e92afa3387f6096d9dc-spectra%2Fspecs_ms.mgf%3Ascan%3A41&usi2=mzspec%3AGNPS%3AGNPS%3AGNPS-LIBRARY%3Aaccession%3ACCMSLIB00006717989&width=10.0&height=6.0&mz_min=None&mz_max=None&max_intensity=125&annotate_precision=4&annotation_rotation=90&cosine=standard&fragment_mz_tolerance=0.1&grid=True&annotate_peaks=%5B%5B96.04409790039062%2C%20138.05459594726562%5D%2C%20%5B96.04439544677734%2C%20138.05523681640625%5D%5D,Homarine,Coral holobiont metabolite,,"Maldonado et al., 2016",,Organoheterocyclic compounds,Pyridines and derivatives,Pyridinecarboxylic acids and derivatives
Palythene,0.8455,http://metabolomics-usi.gnps2.org/dashinterface?usi1=mzspec%3AGNPS%3ATASK-991ffcd3523e4e92afa3387f6096d9dc-spectra%2Fspecs_ms.mgf%3Ascan%3A429&usi2=mzspec%3AGNPS%3AGNPS%3AGNPS-LIBRARY%3Aaccession%3ACCMSLIB00010013012&width=10.0&height=6.0&mz_min=None&mz_max=None&max_intensity=125&annotate_precision=4&annotation_rotation=90&cosine=standard&fragment_mz_tolerance=0.1&grid=True&annotate_peaks=%5B%5B197.09210205078125%2C%20226.1313018798828%2C%20241.08200073242188%2C%20270.12109375%2C%20285.14471435546875%5D%2C%20%5B197.09140014648438%2C%20241.08106994628906%2C%20270.12005615234375%2C%20285.14361572265625%5D%5D,Palythene,Coral holobiont metabolite,,"Carignan et al., 2009",,Organic acids and derivatives,Carboxylic acids and derivatives,"Amino acids, peptides, and analogues"
Palythine,0.8792,http://metabolomics-usi.gnps2.org/dashinterface?usi1=mzspec%3AGNPS%3ATASK-991ffcd3523e4e92afa3387f6096d9dc-spectra%2Fspecs_ms.mgf%3Ascan%3A290&usi2=mzspec%3AGNPS%3AGNPS%3AGNPS-LIBRARY%3Aaccession%3ACCMSLIB00012475044&width=10.0&height=6.0&mz_min=None&mz_max=None&max_intensity=125&annotate_precision=4&annotation_rotation=90&cosine=standard&fragment_mz_tolerance=0.1&grid=True&annotate_peaks=%5B%5B137.07139587402344%2C%20186.1002960205078%2C%20209.09280395507812%2C%20230.09039306640625%2C%20245.11380004882812%5D%2C%20%5B186.0998992919922%2C%20230.08949279785156%2C%20245.11289978027344%5D%5D,Palythine,Coral holobiont metabolite,,"Carignan et al., 2009",,Organic acids and derivatives,Carboxylic acids and derivatives,"Amino acids, peptides, and analogues"
Spectral Match to 8-HETE from NIST14,0.8866,http://metabolomics-usi.gnps2.org/dashinterface?usi1=mzspec%3AGNPS%3ATASK-991ffcd3523e4e92afa3387f6096d9dc-spectra%2Fspecs_ms.mgf%3Ascan%3A519&usi2=mzspec%3AGNPS%3AGNPS%3AGNPS-LIBRARY%3Aaccession%3ACCMSLIB00003137704&width=10.0&height=6.0&mz_min=None&mz_max=None&max_intensity=125&annotate_precision=4&annotation_rotation=90&cosine=standard&fragment_mz_tolerance=0.1&grid=True&annotate_peaks=%5B%5B67.05390167236328%2C%2079.05390167236328%2C%2091.05390167236328%2C%20105.06950378417969%2C%20119.08519744873047%2C%20131.085205078125%2C%20145.1009063720703%2C%20157.1009063720703%2C%20171.11669921875%2C%20183.11669921875%2C%20201.12730407714844%2C%20219.1378936767578%2C%20233.15359497070312%2C%20267.2107849121094%2C%20303.2320861816406%5D%2C%20%5B67.05462646484375%2C%2091.05431365966797%2C%20105.07000732421875%2C%20119.08563232421875%2C%20145.10159301757812%2C%20159.11679077148438%2C%20183.11705017089844%2C%20201.12791442871094%2C%20219.13829040527344%2C%20233.15370178222656%2C%20267.2102966308594%2C%20285.2206115722656%2C%20303.2311706542969%5D%5D,8-HETE,Coral holobiont metabolite,,"Bhagwat et al., 2024; Treignier et al., 2008",Clusters molecularly with pharmaceutical compounds,Lipids and lipid-like molecules,Fatty Acyls,Eicosanoids
"Spectral Match to cis-7,10,13,16-Docosatetraenoic acid from NIST14",0.7580,http://metabolomics-usi.gnps2.org/dashinterface?usi1=mzspec%3AGNPS%3ATASK-991ffcd3523e4e92afa3387f6096d9dc-spectra%2Fspecs_ms.mgf%3Ascan%3A221&usi2=mzspec%3AGNPS%3AGNPS%3AGNPS-LIBRARY%3Aaccession%3ACCMSLIB00003136210&width=10.0&height=6.0&mz_min=None&mz_max=None&max_intensity=125&annotate_precision=4&annotation_rotation=90&cosine=standard&fragment_mz_tolerance=0.1&grid=True&annotate_peaks=%5B%5B55.054100036621094%2C%2067.0541000366211%2C%2081.0697021484375%2C%2095.08540344238281%2C%20105.0697021484375%2C%20119.08540344238281%2C%20133.10110473632812%2C%20147.11680603027344%2C%20161.13250732421875%2C%20175.148193359375%2C%20217.19520568847656%5D%2C%20%5B105.06985473632812%2C%20121.10115051269531%2C%20133.1011199951172%2C%20147.11671447753906%2C%20161.13229370117188%2C%20175.14788818359375%2C%20189.16358947753906%5D%5D,"cis-7,10,13,16-Docosatetraenoic acid",Coral holobiont metabolite,,"Sun et al., 2024",Clusters molecularly with pharmaceutical compounds,NA,NA,NA
Spectral Match to Tris(2-butoxyethyl) phosphate from NIST14,0.6972,http://metabolomics-usi.gnps2.org/dashinterface?usi1=mzspec%3AGNPS%3ATASK-991ffcd3523e4e92afa3387f6096d9dc-spectra%2Fspecs_ms.mgf%3Ascan%3A1020&usi2=mzspec%3AGNPS%3AGNPS%3AGNPS-LIBRARY%3Aaccession%3ACCMSLIB00003137951&width=10.0&height=6.0&mz_min=None&mz_max=None&max_intensity=125&annotate_precision=4&annotation_rotation=90&cosine=standard&fragment_mz_tolerance=0.1&grid=True&annotate_peaks=%5B%5B83.08550262451172%2C%20101.09609985351562%2C%20125.0%2C%20143.01060485839844%2C%20199.07359313964844%5D%2C%20%5B57.07029342651367%2C%2083.08557891845703%2C%20101.09601593017578%2C%20143.0102996826172%2C%20199.07281494140625%5D%5D,Tris(2-butoxyethyl) phosphate,Coral holobiont metabolite,,"Kang et al., 2023",,NA,NA,NA
trimethylammoniumpropionate (TMAP),0.9874,http://metabolomics-usi.gnps2.org/dashinterface?usi1=mzspec%3AGNPS%3ATASK-991ffcd3523e4e92afa3387f6096d9dc-spectra%2Fspecs_ms.mgf%3Ascan%3A34&usi2=mzspec%3AGNPS%3AGNPS%3AGNPS-LIBRARY%3Aaccession%3ACCMSLIB00006718037&width=10.0&height=6.0&mz_min=None&mz_max=None&max_intensity=125&annotate_precision=4&annotation_rotation=90&cosine=standard&fragment_mz_tolerance=0.1&grid=True&annotate_peaks=%5B%5B59.07270050048828%2C%20132.10159301757812%5D%2C%20%5B58.06554412841797%2C%20132.10205078125%5D%5D,trimethylammoniumpropionate (TMAP),Coral holobiont metabolite,,"Swan et al., 2017",,NA,NA,NA
PC(0:0/16:0); [M+H]+ C24H51N1O7P1,0.9954,http://metabolomics-usi.gnps2.org/dashinterface?usi1=mzspec%3AGNPS%3ATASK-991ffcd3523e4e92afa3387f6096d9dc-spectra%2Fspecs_ms.mgf%3Ascan%3A1301&usi2=mzspec%3AGNPS%3AGNPS%3AGNPS-LIBRARY%3Aaccession%3ACCMSLIB00010056150&width=10.0&height=6.0&mz_min=None&mz_max=None&max_intensity=125&annotate_precision=4&annotation_rotation=90&cosine=standard&fragment_mz_tolerance=0.1&grid=True&annotate_peaks=%5B%5B184.07359313964844%5D%2C%20%5B184.07330322265625%5D%5D,PC(0:0/16:0),Coral holobiont stress response,Phosphocholine,"Li et al., 2024; Li et al., 2022; Pei et al., 2022; Sikorskaya 2023",,NA,NA,NA
PC(0:0/18:1); [M+H]+ C26H53N1O7P1,0.9991,http://metabolomics-usi.gnps2.org/dashinterface?usi1=mzspec%3AGNPS%3ATASK-991ffcd3523e4e92afa3387f6096d9dc-spectra%2Fspecs_ms.mgf%3Ascan%3A1411&usi2=mzspec%3AGNPS%3AGNPS%3AGNPS-LIBRARY%3Aaccession%3ACCMSLIB00010056246&width=10.0&height=6.0&mz_min=None&mz_max=None&max_intensity=125&annotate_precision=4&annotation_rotation=90&cosine=standard&fragment_mz_tolerance=0.1&grid=True&annotate_peaks=%5B%5B184.07330322265625%5D%2C%20%5B184.0733184814453%5D%5D,PC(0:0/18:1),Coral holobiont stress response,Phosphocholine,"Li et al., 2024; Li et al., 2022; Pei et al., 2022; Sikorskaya 2023",,NA,NA,NA
PC(0:0/20:4); [M+H]+ C28H51N1O7P1,0.9964,http://metabolomics-usi.gnps2.org/dashinterface?usi1=mzspec%3AGNPS%3ATASK-991ffcd3523e4e92afa3387f6096d9dc-spectra%2Fspecs_ms.mgf%3Ascan%3A1480&usi2=mzspec%3AGNPS%3AGNPS%3AGNPS-LIBRARY%3Aaccession%3ACCMSLIB00010100169&width=10.0&height=6.0&mz_min=None&mz_max=None&max_intensity=125&annotate_precision=4&annotation_rotation=90&cosine=standard&fragment_mz_tolerance=0.1&grid=True&annotate_peaks=%5B%5B104.10679626464844%2C%20184.07330322265625%5D%2C%20%5B104.10704803466797%2C%20184.07322692871094%2C%20544.3394775390625%5D%5D,PC(0:0/20:4),Coral holobiont stress response,Phosphocholine,"Li et al., 2024; Li et al., 2022; Pei et al., 2022; Sikorskaya 2023",,NA,NA,NA
PC(18:2/0:0); [M+H]+ C26H51N1O7P1,0.9992,http://metabolomics-usi.gnps2.org/dashinterface?usi1=mzspec%3AGNPS%3ATASK-991ffcd3523e4e92afa3387f6096d9dc-spectra%2Fspecs_ms.mgf%3Ascan%3A1406&usi2=mzspec%3AGNPS%3AGNPS%3AGNPS-LIBRARY%3Aaccession%3ACCMSLIB00010055394&width=10.0&height=6.0&mz_min=None&mz_max=None&max_intensity=125&annotate_precision=4&annotation_rotation=90&cosine=standard&fragment_mz_tolerance=0.1&grid=True&annotate_peaks=%5B%5B184.07330322265625%5D%2C%20%5B184.0740203857422%5D%5D,PC(18:2/0:0),Coral holobiont stress response,Phosphocholine,"Li et al., 2024; Li et al., 2022; Pei et al., 2022; Sikorskaya 2023",,NA,NA,NA
PC(18:3/0:0); [M+H]+ C26H49N1O7P1,0.9989,http://metabolomics-usi.gnps2.org/dashinterface?usi1=mzspec%3AGNPS%3ATASK-991ffcd3523e4e92afa3387f6096d9dc-spectra%2Fspecs_ms.mgf%3Ascan%3A1399&usi2=mzspec%3AGNPS%3AGNPS%3AGNPS-LIBRARY%3Aaccession%3ACCMSLIB00010069426&width=10.0&height=6.0&mz_min=None&mz_max=None&max_intensity=125&annotate_precision=4&annotation_rotation=90&cosine=standard&fragment_mz_tolerance=0.1&grid=True&annotate_peaks=%5B%5B184.07339477539062%5D%2C%20%5B184.07342529296875%5D%5D,PC(18:3/0:0),Coral holobiont stress response,Phosphocholine,"Li et al., 2024; Li et al., 2022; Pei et al., 2022; Sikorskaya 2023",,NA,NA,NA
PC(20:2/0:0); [M+H]+ C28H55N1O7P1,0.9963,http://metabolomics-usi.gnps2.org/dashinterface?usi1=mzspec%3AGNPS%3ATASK-991ffcd3523e4e92afa3387f6096d9dc-spectra%2Fspecs_ms.mgf%3Ascan%3A1498&usi2=mzspec%3AGNPS%3AGNPS%3AGNPS-LIBRARY%3Aaccession%3ACCMSLIB00010096583&width=10.0&height=6.0&mz_min=None&mz_max=None&max_intensity=125&annotate_precision=4&annotation_rotation=90&cosine=standard&fragment_mz_tolerance=0.1&grid=True&annotate_peaks=%5B%5B104.10679626464844%2C%20184.0731964111328%2C%20548.3704833984375%5D%2C%20%5B104.10712432861328%2C%20184.07327270507812%2C%20548.3719482421875%5D%5D,PC(20:2/0:0),Coral holobiont stress response,Phosphocholine,"Li et al., 2024; Li et al., 2022; Pei et al., 2022; Sikorskaya 2023",,NA,NA,NA
PC(20:3/0:0); [M+H]+ C28H53N1O7P1,0.9960,http://metabolomics-usi.gnps2.org/dashinterface?usi1=mzspec%3AGNPS%3ATASK-991ffcd3523e4e92afa3387f6096d9dc-spectra%2Fspecs_ms.mgf%3Ascan%3A1488&usi2=mzspec%3AGNPS%3AGNPS%3AGNPS-LIBRARY%3Aaccession%3ACCMSLIB00010099847&width=10.0&height=6.0&mz_min=None&mz_max=None&max_intensity=125&annotate_precision=4&annotation_rotation=90&cosine=standard&fragment_mz_tolerance=0.1&grid=True&annotate_peaks=%5B%5B104.10690307617188%2C%20184.07350158691406%5D%2C%20%5B104.10687255859375%2C%20184.07293701171875%2C%20546.3543090820312%5D%5D,PC(20:3/0:0),Coral holobiont stress response,Phosphocholine,"Li et al., 2024; Li et al., 2022; Pei et al., 2022; Sikorskaya 2023",,NA,NA,NA
PC(20:5/0:0); [M+H]+ C28H49N1O7P1,0.9953,http://metabolomics-usi.gnps2.org/dashinterface?usi1=mzspec%3AGNPS%3ATASK-991ffcd3523e4e92afa3387f6096d9dc-spectra%2Fspecs_ms.mgf%3Ascan%3A1474&usi2=mzspec%3AGNPS%3AGNPS%3AGNPS-LIBRARY%3Aaccession%3ACCMSLIB00010089959&width=10.0&height=6.0&mz_min=None&mz_max=None&max_intensity=125&annotate_precision=4&annotation_rotation=90&cosine=standard&fragment_mz_tolerance=0.1&grid=True&annotate_peaks=%5B%5B104.10679626464844%2C%20184.07330322265625%5D%2C%20%5B104.10692596435547%2C%20184.07354736328125%2C%20542.3251342773438%5D%5D,PC(20:5/0:0),Coral holobiont stress response,Phosphocholine,"Li et al., 2024; Li et al., 2022; Pei et al., 2022; Sikorskaya 2023",,NA,NA,NA
PC(22:4/0:0); [M+H]+ C30H55N1O7P1,0.9978,http://metabolomics-usi.gnps2.org/dashinterface?usi1=mzspec%3AGNPS%3ATASK-991ffcd3523e4e92afa3387f6096d9dc-spectra%2Fspecs_ms.mgf%3Ascan%3A1551&usi2=mzspec%3AGNPS%3AGNPS%3AGNPS-LIBRARY%3Aaccession%3ACCMSLIB00010088111&width=10.0&height=6.0&mz_min=None&mz_max=None&max_intensity=125&annotate_precision=4&annotation_rotation=90&cosine=standard&fragment_mz_tolerance=0.1&grid=True&annotate_peaks=%5B%5B104.10679626464844%2C%20184.07330322265625%5D%2C%20%5B104.1068344116211%2C%20184.0728759765625%2C%20572.3702392578125%5D%5D,PC(22:4/0:0),Coral holobiont stress response,Phosphocholine,"Li et al., 2024; Li et al., 2022; Pei et al., 2022; Sikorskaya 2023",,NA,NA,NA
PC(22:6/0:0); [M+H]+ C30H51N1O7P1,0.9960,http://metabolomics-usi.gnps2.org/dashinterface?usi1=mzspec%3AGNPS%3ATASK-991ffcd3523e4e92afa3387f6096d9dc-spectra%2Fspecs_ms.mgf%3Ascan%3A1545&usi2=mzspec%3AGNPS%3AGNPS%3AGNPS-LIBRARY%3Aaccession%3ACCMSLIB00010100447&width=10.0&height=6.0&mz_min=None&mz_max=None&max_intensity=125&annotate_precision=4&annotation_rotation=90&cosine=standard&fragment_mz_tolerance=0.1&grid=True&annotate_peaks=%5B%5B104.10690307617188%2C%20184.07330322265625%5D%2C%20%5B104.10710144042969%2C%20184.07330322265625%2C%20568.34033203125%5D%5D,PC(22:6/0:0),Coral holobiont stress response,Phosphocholine,"Li et al., 2024; Li et al., 2022; Pei et al., 2022; Sikorskaya 2023",,NA,NA,NA
PC(O-18:0/20:4); [M+H]+ C46H87N1O7P1,0.9992,http://metabolomics-usi.gnps2.org/dashinterface?usi1=mzspec%3AGNPS%3ATASK-991ffcd3523e4e92afa3387f6096d9dc-spectra%2Fspecs_ms.mgf%3Ascan%3A1981&usi2=mzspec%3AGNPS%3AGNPS%3AGNPS-LIBRARY%3Aaccession%3ACCMSLIB00010083810&width=10.0&height=6.0&mz_min=None&mz_max=None&max_intensity=125&annotate_precision=4&annotation_rotation=90&cosine=standard&fragment_mz_tolerance=0.1&grid=True&annotate_peaks=%5B%5B184.07310485839844%5D%2C%20%5B184.0732879638672%5D%5D,PC(O-18:0/20:4),Coral holobiont stress response,Phosphocholine,"Li et al., 2024; Li et al., 2022; Pei et al., 2022; Sikorskaya 2023",,NA,NA,NA
PC(O-18:1/0:0); [M+H]+ C26H55N1O6P1,0.9638,http://metabolomics-usi.gnps2.org/dashinterface?usi1=mzspec%3AGNPS%3ATASK-991ffcd3523e4e92afa3387f6096d9dc-spectra%2Fspecs_ms.mgf%3Ascan%3A1347&usi2=mzspec%3AGNPS%3AGNPS%3AGNPS-LIBRARY%3Aaccession%3ACCMSLIB00010091621&width=10.0&height=6.0&mz_min=None&mz_max=None&max_intensity=125&annotate_precision=4&annotation_rotation=90&cosine=standard&fragment_mz_tolerance=0.1&grid=True&annotate_peaks=%5B%5B104.10690307617188%2C%20184.07339477539062%2C%20508.37579345703125%5D%2C%20%5B104.1069564819336%2C%20184.07363891601562%2C%20508.3763732910156%5D%5D,PC(O-18:1/0:0),Coral holobiont stress response,Phosphocholine,"Li et al., 2024; Li et al., 2022; Pei et al., 2022; Sikorskaya 2023",,NA,NA,NA
PC(O-18:1/20:4); [M+H]+ C46H85N1O7P1,0.9994,http://metabolomics-usi.gnps2.org/dashinterface?usi1=mzspec%3AGNPS%3ATASK-991ffcd3523e4e92afa3387f6096d9dc-spectra%2Fspecs_ms.mgf%3Ascan%3A1956&usi2=mzspec%3AGNPS%3AGNPS%3AGNPS-LIBRARY%3Aaccession%3ACCMSLIB00010087543&width=10.0&height=6.0&mz_min=None&mz_max=None&max_intensity=125&annotate_precision=4&annotation_rotation=90&cosine=standard&fragment_mz_tolerance=0.1&grid=True&annotate_peaks=%5B%5B184.072998046875%5D%2C%20%5B184.07339477539062%5D%5D,PC(O-18:1/20:4),Coral holobiont stress response,Phosphocholine,"Li et al., 2024; Li et al., 2022; Pei et al., 2022; Sikorskaya 2023",,NA,NA,NA
PC(P-16:0/20:3); [M+H]+ C44H83N1O7P1,0.9995,http://metabolomics-usi.gnps2.org/dashinterface?usi1=mzspec%3AGNPS%3ATASK-991ffcd3523e4e92afa3387f6096d9dc-spectra%2Fspecs_ms.mgf%3Ascan%3A1906&usi2=mzspec%3AGNPS%3AGNPS%3AGNPS-LIBRARY%3Aaccession%3ACCMSLIB00010091787&width=10.0&height=6.0&mz_min=None&mz_max=None&max_intensity=125&annotate_precision=4&annotation_rotation=90&cosine=standard&fragment_mz_tolerance=0.1&grid=True&annotate_peaks=%5B%5B184.07330322265625%5D%2C%20%5B184.07354736328125%5D%5D,PC(P-16:0/20:3),Coral holobiont stress response,Phosphocholine,"Li et al., 2024; Li et al., 2022; Pei et al., 2022; Sikorskaya 2023",,NA,NA,NA
Spectral Match to 1-(1Z-Hexadecenyl)-sn-glycero-3-phosphocholine from NIST14,0.9921,https://metabolomics-usi.gnps2.org/dashinterface/?usi1=mzspec%3AGNPS%3ATASK-991ffcd3523e4e92afa3387f6096d9dc-spectra%2Fspecs_ms.mgf%3Ascan%3A1257&usi2=mzspec%3AGNPS%3AGNPS%3AGNPS-LIBRARY%3Aaccession%3ACCMSLIB00003138753&width=10.0&height=6.0&mz_min=None&mz_max=None&max_intensity=125&annotate_precision=4&annotation_rotation=90&cosine=standard&fragment_mz_tolerance=0.1&grid=True&annotate_peaks=%5B%5B104.10710144042969%2C%20184.0738067626953%5D%2C%20%5B104.1073989868164%2C%20184.07289123535156%2C%20480.3437194824219%5D%5D#%7B%7D,1-(1Z-Hexadecenyl)-sn-glycero-3-phosphocholine,Coral holobiont stress response,Phosphocholine,"Smith et al., 2019; Tang et al., 2015",,NA,NA,NA
Spectral Match to 1-(1Z-Hexadecenyl)-sn-glycero-3-phosphocholine from NIST14,0.9919,https://metabolomics-usi.gnps2.org/dashinterface/?usi1=mzspec%3AGNPS%3ATASK-991ffcd3523e4e92afa3387f6096d9dc-spectra%2Fspecs_ms.mgf%3Ascan%3A1258&usi2=mzspec%3AGNPS%3AGNPS%3AGNPS-LIBRARY%3Aaccession%3ACCMSLIB00003138753#%7B%7D,1-(1Z-Hexadecenyl)-sn-glycero-3-phosphocholine,Coral holobiont stress response,Phosphocholine,"Smith et al., 2019; Tang et al., 2015",,Lipids and lipid-like molecules,Glycerophospholipids,Glycerophosphocholines
Spectral Match to 1-Hexadecanoyl-sn-glycero-3-phosphocholine from NIST14,0.9492,https://metabolomics-usi.gnps2.org/dashinterface/?usi1=mzspec%3AGNPS%3ATASK-991ffcd3523e4e92afa3387f6096d9dc-spectra%2Fspecs_ms.mgf%3Ascan%3A1396&usi2=mzspec%3AGNPS%3AGNPS%3AGNPS-LIBRARY%3Aaccession%3ACCMSLIB00003139504&width=10.0&height=6.0&mz_min=None&mz_max=None&max_intensity=125&annotate_precision=4&annotation_rotation=90&cosine=standard&fragment_mz_tolerance=0.1&grid=True&annotate_peaks=%5B%5B104.10679626464844%2C%20146.98170471191406%2C%20313.2742919921875%2C%20459.2489013671875%2C%20518.4075927734375%5D%2C%20%5B104.10704040527344%2C%20146.9816131591797%2C%20313.2734680175781%2C%20459.2506103515625%2C%20518.3203735351562%5D%5D#%7B%7D,1-Hexadecanoyl-sn-glycero-3-phosphocholine,Coral holobiont stress response,Phosphocholine,"Smith et al., 2019; Tang et al., 2015",,NA,NA,NA
Spectral Match to 1-Hexadecyl-sn-glycero-3-phosphocholine from NIST14,0.9975,https://metabolomics-usi.gnps2.org/dashinterface/?usi1=mzspec%3AGNPS%3ATASK-991ffcd3523e4e92afa3387f6096d9dc-spectra%2Fspecs_ms.mgf%3Ascan%3A1266&usi2=mzspec%3AGNPS%3AGNPS%3AGNPS-LIBRARY%3Aaccession%3ACCMSLIB00003134553#%7B%7D,1-Hexadecyl-sn-glycero-3-phosphocholine,Coral holobiont stress response,Phosphocholine,"Smith et al., 2019; Tang et al., 2015",,Lipids and lipid-like molecules,Glycerophospholipids,Glycerophosphocholines
Spectral Match to 1-Myristoyl-sn-glycero-3-phosphocholine from NIST14,0.9853,https://metabolomics-usi.gnps2.org/dashinterface/?usi1=mzspec%3AGNPS%3ATASK-991ffcd3523e4e92afa3387f6096d9dc-spectra%2Fspecs_ms.mgf%3Ascan%3A1219&usi2=mzspec%3AGNPS%3AGNPS%3AGNPS-LIBRARY%3Aaccession%3ACCMSLIB00003136846#%7B%7D,1-Myristoyl-sn-glycero-3-phosphocholine,Coral holobiont stress response,Phosphocholine,"Smith et al., 2019; Tang et al., 2015",,NA,NA,NA
Spectral Match to 1-Stearoyl-2-hydroxy-sn-glycero-3-phosphocholine from NIST14,0.9977,https://metabolomics-usi.gnps2.org/dashinterface/?usi1=mzspec%3AGNPS%3ATASK-991ffcd3523e4e92afa3387f6096d9dc-spectra%2Fspecs_ms.mgf%3Ascan%3A1423&usi2=mzspec%3AGNPS%3AGNPS%3AGNPS-LIBRARY%3Aaccession%3ACCMSLIB00003136720#%7B%7D,1-Stearoyl-2-hydroxy-sn-glycero-3-phosphocholine,Coral holobiont stress response,Phosphocholine,Cepas et al 2021,,NA,NA,NA
Spectral Match to Lyso-PAF C-18 from NIST14,0.9574,https://metabolomics-usi.gnps2.org/dashinterface/?usi1=mzspec%3AGNPS%3ATASK-991ffcd3523e4e92afa3387f6096d9dc-spectra%2Fspecs_ms.mgf%3Ascan%3A1370&usi2=mzspec%3AGNPS%3AGNPS%3AGNPS-LIBRARY%3Aaccession%3ACCMSLIB00003139930#%7B%7D,Lyso-PAF C-18,Coral holobiont stress response,Phosphocholine,"Riaz et al., 2018; Archer et al., 1987",,Lipids and lipid-like molecules,Glycerophospholipids,Glycerophosphocholines
Spectral Match to Lyso-PC(16:0) from NIST14,0.9958,https://metabolomics-usi.gnps2.org/dashinterface/?usi1=mzspec%3AGNPS%3ATASK-991ffcd3523e4e92afa3387f6096d9dc-spectra%2Fspecs_ms.mgf%3Ascan%3A1300&usi2=mzspec%3AGNPS%3AGNPS%3AGNPS-LIBRARY%3Aaccession%3ACCMSLIB00003136631#%7B%7D,Lyso-PC(16:0),Coral holobiont stress response,Phosphocholine,"Li et al., 2024; Li et al., 2022; Pei et al., 2022; Sikorskaya 2023",,NA,NA,NA
Spectral Match to PAF C-16 from NIST14,0.9976,https://metabolomics-usi.gnps2.org/dashinterface/?usi1=mzspec%3AGNPS%3ATASK-991ffcd3523e4e92afa3387f6096d9dc-spectra%2Fspecs_ms.mgf%3Ascan%3A1424&usi2=mzspec%3AGNPS%3AGNPS%3AGNPS-LIBRARY%3Aaccession%3ACCMSLIB00003134705#%7B%7D,PAF C-16,Coral holobiont stress response,Phosphocholine,"Riaz et al., 2018; Archer et al., 1987",,NA,NA,NA
Bucharaine CollisionEnergy:205060,0.9757,https://metabolomics-usi.gnps2.org/dashinterface/?usi1=mzspec%3AGNPS%3ATASK-991ffcd3523e4e92afa3387f6096d9dc-spectra%2Fspecs_ms.mgf%3Ascan%3A823&usi2=mzspec%3AGNPS%3AGNPS%3AGNPS-LIBRARY%3Aaccession%3ACCMSLIB00010117565&width=10.0&height=6.0&mz_min=None&mz_max=None&max_intensity=125&annotate_precision=4&annotation_rotation=90&cosine=standard&fragment_mz_tolerance=0.1&grid=True&annotate_peaks=%5B%5B136.07620239257812%2C%20354.1741943359375%5D%2C%20%5B184.03683471679688%2C%20354.1671142578125%5D%5D#%7B%7D,Bucharaine,Coral holobiont stress response,,,,Organoheterocyclic compounds,Quinolines and derivatives,Quinolones and derivatives
"""9,10-dihydrojasmonic acid CollisionEnergy:205060""",0.8801,https://metabolomics-usi.gnps2.org/dashinterface/?usi1=mzspec%3AGNPS%3ATASK-991ffcd3523e4e92afa3387f6096d9dc-spectra%2Fspecs_ms.mgf%3Ascan%3A111&usi2=mzspec%3AGNPS%3AGNPS%3AGNPS-LIBRARY%3Aaccession%3ACCMSLIB00010102354#%7B%7D,"9,10-dihydrojasmonic acid","Cosmetic, agricultural, pharmaceutical or industrial product",Agricultural/Pesticide,"Ikan et al., 1975; Currently patented for cosmetic or pharmaceutical purposes: 20100179222",,Lipids and lipid-like molecules,Fatty Acyls,Lineolic acids and derivatives
"Massbank:EA021305 DEET|N,N-Diethyl-m-toluamide|N,N-diethyl-3-methyl-benzamide",0.9927,https://metabolomics-usi.gnps2.org/dashinterface/?usi1=mzspec%3AGNPS%3ATASK-991ffcd3523e4e92afa3387f6096d9dc-spectra%2Fspecs_ms.mgf%3Ascan%3A145&usi2=mzspec%3AGNPS%3AGNPS%3AGNPS-LIBRARY%3Aaccession%3ACCMSLIB00000207575#%7B%7D,DEET,"Cosmetic, agricultural, pharmaceutical or industrial product",Agricultural/Pesticide,,,Benzenoids,Benzene and substituted derivatives,Toluenes
"Massbank:LU017202 4,4'-Sulfonylbis[2-(prop-2-en-1-yl)phenol]|Phenol, 4,4'-sulfonylbis[2-(2-propenyl)-|4-(4-hydroxy-3-prop-2-enylphenyl)sulfonyl-2-prop-2-enylphenol",0.6332,https://metabolomics-usi.gnps2.org/dashinterface/?usi1=mzspec%3AGNPS%3ATASK-991ffcd3523e4e92afa3387f6096d9dc-spectra%2Fspecs_ms.mgf%3Ascan%3A663&usi2=mzspec%3AGNPS%3AGNPS%3AGNPS-LIBRARY%3Aaccession%3ACCMSLIB00005763046#%7B%7D,"4,4'-Sulfonylbis[2-(prop-2-en-1-yl)phenol]","Cosmetic, agricultural, pharmaceutical or industrial product",Agricultural/Pesticide,EPA CDR,,Benzenoids,Benzene and substituted derivatives,Benzenesulfonyl compounds
"Massbank:LU017203 4,4'-Sulfonylbis[2-(prop-2-en-1-yl)phenol]|Phenol, 4,4'-sulfonylbis[2-(2-propenyl)-|4-(4-hydroxy-3-prop-2-enylphenyl)sulfonyl-2-prop-2-enylphenol",0.5198,https://metabolomics-usi.gnps2.org/dashinterface/?usi1=mzspec%3AGNPS%3ATASK-991ffcd3523e4e92afa3387f6096d9dc-spectra%2Fspecs_ms.mgf%3Ascan%3A665&usi2=mzspec%3AGNPS%3AGNPS%3AGNPS-LIBRARY%3Aaccession%3ACCMSLIB00005762352#%7B%7D,"4,4'-Sulfonylbis[2-(prop-2-en-1-yl)phenol]","Cosmetic, agricultural, pharmaceutical or industrial product",Agricultural/Pesticide,EPA CDR,,Benzenoids,Benzene and substituted derivatives,Benzenesulfonyl compounds
Massbank:LU114702 Isoprocarb|(2-propan-2-ylphenyl) N-methylcarbamate,0.9283,https://metabolomics-usi.gnps2.org/dashinterface/?usi1=mzspec%3AGNPS%3ATASK-991ffcd3523e4e92afa3387f6096d9dc-spectra%2Fspecs_ms.mgf%3Ascan%3A152&usi2=mzspec%3AGNPS%3AGNPS%3AGNPS-LIBRARY%3Aaccession%3ACCMSLIB00005762212#%7B%7D,Isoprocarb,"Cosmetic, agricultural, pharmaceutical or industrial product",Agricultural/Pesticide,"Balakrishnan et al., 2019; Ozturk et al. Zhang et al., 2012",,Benzenoids,Benzene and substituted derivatives,Cumenes
"Spectral Match to Monolinolenin (9c,12c,15c) from NIST14",0.8615,https://metabolomics-usi.gnps2.org/dashinterface/?usi1=mzspec%3AGNPS%3ATASK-991ffcd3523e4e92afa3387f6096d9dc-spectra%2Fspecs_ms.mgf%3Ascan%3A818&usi2=mzspec%3AGNPS%3AGNPS%3AGNPS-LIBRARY%3Aaccession%3ACCMSLIB00003138418#%7B%7D,"Monolinolenin (9c,12c,15c)","Cosmetic, agricultural, pharmaceutical or industrial product",Cosmetics,"Fiume et al., 2020",,NA,NA,NA
Massbank:LU051604 2-Naphthylamine|naphthalen-2-amine,0.9911,https://metabolomics-usi.gnps2.org/dashinterface/?usi1=mzspec%3AGNPS%3ATASK-991ffcd3523e4e92afa3387f6096d9dc-spectra%2Fspecs_ms.mgf%3Ascan%3A45&usi2=mzspec%3AGNPS%3AGNPS%3AGNPS-LIBRARY%3Aaccession%3ACCMSLIB00005763113#%7B%7D,2-Naphthylamine,"Cosmetic, agricultural, pharmaceutical or industrial product",Industrial product,Czubacka and Czarczak 2020,,Benzenoids,Naphthalenes,NA
"Massbank:LU100203 2,2'-(Tetradecylimino)diethanol|Tetradecyldiethanolamine",0.9201,https://metabolomics-usi.gnps2.org/dashinterface/?usi1=mzspec%3AGNPS%3ATASK-991ffcd3523e4e92afa3387f6096d9dc-spectra%2Fspecs_ms.mgf%3Ascan%3A514&usi2=mzspec%3AGNPS%3AGNPS%3AGNPS-LIBRARY%3Aaccession%3ACCMSLIB00005766805#%7B%7D,"2,2'-(Tetradecylimino)diethanol","Cosmetic, agricultural, pharmaceutical or industrial product",Industrial product,Patent identifiers: JP-2022153315-A; JP-2022119289-A; JP-2022104750-A; JP-2022095530-A; JP-2022008253-A,,Organic nitrogen compounds,Organonitrogen compounds,Amines
O-4-Methoxybenzoylepilupinine hydrochloride CollisionEnergy:102040,0.9667,https://metabolomics-usi.gnps2.org/dashinterface/?usi1=mzspec%3AGNPS%3ATASK-991ffcd3523e4e92afa3387f6096d9dc-spectra%2Fspecs_ms.mgf%3Ascan%3A523&usi2=mzspec%3AGNPS%3AGNPS%3AGNPS-LIBRARY%3Aaccession%3ACCMSLIB00010104144#%7B%7D,O-4-Methoxybenzoylepilupinine hydrochloride,"Cosmetic, agricultural, pharmaceutical or industrial product",Industrial product,"Lewis, R.J. Sr.; Hawley's Condensed Chemical Dictionary 14th Edition. John Wiley & Sons, Inc. New York, NY 2001., p. 77",,Alkaloids and derivatives,Lupin alkaloids,Lupinine-type alkaloids
"Spectral Match to 2,4,7,9-Tetramethyl-5-decyne-4,7-diol from NIST14",0.8645,https://metabolomics-usi.gnps2.org/dashinterface/?usi1=mzspec%3AGNPS%3ATASK-991ffcd3523e4e92afa3387f6096d9dc-spectra%2Fspecs_ms.mgf%3Ascan%3A142&usi2=mzspec%3AGNPS%3AGNPS%3AGNPS-LIBRARY%3Aaccession%3ACCMSLIB00003136153#%7B%7D,"2,4,7,9-Tetramethyl-5-decyne-4,7-diol","Cosmetic, agricultural, pharmaceutical or industrial product",Industrial product,Arien 2011,,NA,NA,NA
Spectral Match to Benzyldodecyldimethylammonium from NIST14,0.9688,https://metabolomics-usi.gnps2.org/dashinterface/?usi1=mzspec%3AGNPS%3ATASK-991ffcd3523e4e92afa3387f6096d9dc-spectra%2Fspecs_ms.mgf%3Ascan%3A531&usi2=mzspec%3AGNPS%3AGNPS%3AGNPS-LIBRARY%3Aaccession%3ACCMSLIB00003138424&width=10.0&height=6.0&mz_min=None&mz_max=None&max_intensity=125&annotate_precision=4&annotation_rotation=90&cosine=standard&fragment_mz_tolerance=0.1&grid=True&annotate_peaks=%5B%5B91.0541000366211%2C%20212.23719787597656%2C%20304.2997131347656%5D%2C%20%5B91.04472351074219%2C%20212.2263641357422%2C%20304.2899169921875%5D%5D#%7B%7D,Benzyldodecyldimethylammonium,"Cosmetic, agricultural, pharmaceutical or industrial product",Industrial product,"ECHA: https://echa.europa.eu/substance-information/-/substanceinfo/100.004.866#:~:text=at%20industrial%20sites-,This%20substance%20is%20used%20in%20the%20following%20products%3A%20washing%20%26%20cleaning,and%20scientific%20research%20and%20development.",,NA,NA,NA
Spectral Match to Benzyltetradecyldimethylammonium from NIST14,0.8645,https://metabolomics-usi.gnps2.org/dashinterface/?usi1=mzspec%3AGNPS%3ATASK-991ffcd3523e4e92afa3387f6096d9dc-spectra%2Fspecs_ms.mgf%3Ascan%3A142&usi2=mzspec%3AGNPS%3AGNPS%3AGNPS-LIBRARY%3Aaccession%3ACCMSLIB00003136153&width=10.0&height=6.0&mz_min=None&mz_max=None&max_intensity=125&annotate_precision=4&annotation_rotation=90&cosine=standard&fragment_mz_tolerance=0.1&grid=True&annotate_peaks=%5B%5B55.05400085449219%2C%2069.0696029663086%2C%2079.05390167236328%2C%2091.05400085449219%2C%20107.08519744873047%2C%20119.08519744873047%2C%20135.11659240722656%2C%20149.13229370117188%2C%20191.1793975830078%5D%2C%20%5B69.07015991210938%2C%2083.08557891845703%2C%2093.06980895996094%2C%20107.08545684814453%2C%20121.10125732421875%2C%20135.11692810058594%2C%20191.17982482910156%5D%5D#%7B%7D,Benzyltetradecyldimethylammonium,"Cosmetic, agricultural, pharmaceutical or industrial product",Industrial product,"ECHA: https://echa.europa.eu/substance-information/-/substanceinfo/100.004.866#:~:text=at%20industrial%20sites-,This%20substance%20is%20used%20in%20the%20following%20products%3A%20washing%20%26%20cleaning,and%20scientific%20research%20and%20development.",,NA,NA,NA
"Spectral Match to Decynediol, tetramethyl, di(2-hydroxyethyl) ether from NIST14",0.5794,https://metabolomics-usi.gnps2.org/dashinterface/?usi1=mzspec%3AGNPS%3ATASK-991ffcd3523e4e92afa3387f6096d9dc-spectra%2Fspecs_ms.mgf%3Ascan%3A684&usi2=mzspec%3AGNPS%3AGNPS%3AGNPS-LIBRARY%3Aaccession%3ACCMSLIB00003135619#%7B%7D,"Decynediol, tetramethyl, di(2-hydroxyethyl) ether","Cosmetic, agricultural, pharmaceutical or industrial product",Industrial product,USDA https://www.ams.usda.gov/sites/default/files/media/tetramethyl-d-d%20report.pdf?utm_source=chatgpt.com,,Organic oxygen compounds,Organooxygen compounds,Carbonyl compounds
Spectral Match to Glycerol 1-myristate from NIST14,0.9644,https://metabolomics-usi.gnps2.org/dashinterface/?usi1=mzspec%3AGNPS%3ATASK-991ffcd3523e4e92afa3387f6096d9dc-spectra%2Fspecs_ms.mgf%3Ascan%3A520&usi2=mzspec%3AGNPS%3AGNPS%3AGNPS-LIBRARY%3Aaccession%3ACCMSLIB00003139373#%7B%7D,Glycerol 1-myristate,"Cosmetic, agricultural, pharmaceutical or industrial product",Industrial product,"Jumina et al., 2018; Nitbani and Jumina 2020",,Lipids and lipid-like molecules,Glycerolipids,Monoradylglycerols
Massbank: Nandrolone,0.5690,https://metabolomics-usi.gnps2.org/dashinterface/?usi1=mzspec%3AGNPS%3ATASK-991ffcd3523e4e92afa3387f6096d9dc-spectra%2Fspecs_ms.mgf%3Ascan%3A386&usi2=mzspec%3AGNPS%3AGNPS%3AGNPS-LIBRARY%3Aaccession%3ACCMSLIB00000206264#%7B%7D,Nandrolone,"Cosmetic, agricultural, pharmaceutical or industrial product",Performance enhancer,"PatanÃ¨ 2020; Hemmersbach and GroÎ²e 2010; Beihai Bay, Guangxi Ren et al., 2022",,Lipids and lipid-like molecules,Steroids and steroid derivatives,Estrane steroids
Phenethylamine CollisionEnergy:102040,0.9963,https://metabolomics-usi.gnps2.org/dashinterface/?usi1=mzspec%3AGNPS%3ATASK-991ffcd3523e4e92afa3387f6096d9dc-spectra%2Fspecs_ms.mgf%3Ascan%3A15&usi2=mzspec%3AGNPS%3AGNPS%3AGNPS-LIBRARY%3Aaccession%3ACCMSLIB00010103354#%7B%7D,Phenethylamine,"Cosmetic, agricultural, pharmaceutical or industrial product",Performance enhancer,Pawar and Grundel 2017,,Benzenoids,Benzene and substituted derivatives,Phenethylamines
2-Amino-1-phenylethanol CollisionEnergy:205060,0.9409,https://metabolomics-usi.gnps2.org/dashinterface/?usi1=mzspec%3AGNPS%3ATASK-991ffcd3523e4e92afa3387f6096d9dc-spectra%2Fspecs_ms.mgf%3Ascan%3A14&usi2=mzspec%3AGNPS%3AGNPS%3AGNPS-LIBRARY%3Aaccession%3ACCMSLIB00010122232#%7B%7D,2-Amino-1-phenylethanol,"Cosmetic, agricultural, pharmaceutical or industrial product",Pharmaceutical,"Chapparos et al., 2014; Xing et al., 2022",,Organic nitrogen compounds,Organonitrogen compounds,Amines
7-Hydroxy-3'-methoxyflavone CollisionEnergy:205060,0.7023,https://metabolomics-usi.gnps2.org/dashinterface/?usi1=mzspec%3AGNPS%3ATASK-991ffcd3523e4e92afa3387f6096d9dc-spectra%2Fspecs_ms.mgf%3Ascan%3A366&usi2=mzspec%3AGNPS%3AGNPS%3AGNPS-LIBRARY%3Aaccession%3ACCMSLIB00010116394#%7B%7D,7-Hydroxy-3'-methoxyflavone,"Cosmetic, agricultural, pharmaceutical or industrial product",Pharmaceutical,"Matsjeeh et al., 2017",**hydroxy4â€™ group has pharmaceutical applications,Phenylpropanoids and polyketides,Flavonoids,O-methylated flavonoids
b-Caryophyllene oxide,0.7840,https://metabolomics-usi.gnps2.org/dashinterface/?usi1=mzspec%3AGNPS%3ATASK-991ffcd3523e4e92afa3387f6096d9dc-spectra%2Fspecs_ms.mgf%3Ascan%3A177&usi2=mzspec%3AGNPS%3AGNPS%3AGNPS-LIBRARY%3Aaccession%3ACCMSLIB00010152844#%7B%7D,b-Caryophyllene oxide,"Cosmetic, agricultural, pharmaceutical or industrial product",Pharmaceutical,"Weimer et al., 2022; Sain et al., 2014; Jassal et al., 2021",,Lipids and lipid-like molecules,Prenol lipids,Sesquiterpenoids
Carveol,0.6255,https://metabolomics-usi.gnps2.org/dashinterface/?usi1=mzspec%3AGNPS%3ATASK-991ffcd3523e4e92afa3387f6096d9dc-spectra%2Fspecs_ms.mgf%3Ascan%3A36&usi2=mzspec%3AGNPS%3AGNPS%3AGNPS-LIBRARY%3Aaccession%3ACCMSLIB00005435948#%7B%7D,Carveol,"Cosmetic, agricultural, pharmaceutical or industrial product",Pharmaceutical,"von der Ohe, P., & Aalizadeh, R. (2020)",,Lipids and lipid-like molecules,Prenol lipids,Monoterpenoids
"Massbank:EQ330403 Adenosine|(2R,3R,4S,5R)-2-(6-aminopurin-9-yl)-5-(hydroxymethyl)oxolane-3,4-diol",1.000,https://metabolomics-usi.gnps2.org/dashinterface/?usi1=mzspec%3AGNPS%3ATASK-991ffcd3523e4e92afa3387f6096d9dc-spectra%2Fspecs_ms.mgf%3Ascan%3A364&usi2=mzspec%3AGNPS%3AGNPS%3AGNPS-LIBRARY%3Aaccession%3ACCMSLIB00005735401#%7B%7D,Adenosine,"Cosmetic, agricultural, pharmaceutical or industrial product",Pharmaceutical,"Samsel et al., 2013",,"Nucleosides, nucleotides, and analogues",Purine nucleosides,NA
"Massbank:LU042102 Ethoxyquin|6-ethoxy-2,2,4-trimethyl-1H-quinoline",0.9377,https://metabolomics-usi.gnps2.org/dashinterface/?usi1=mzspec%3AGNPS%3ATASK-991ffcd3523e4e92afa3387f6096d9dc-spectra%2Fspecs_ms.mgf%3Ascan%3A224&usi2=mzspec%3AGNPS%3AGNPS%3AGNPS-LIBRARY%3Aaccession%3ACCMSLIB00005764037#%7B%7D,Ethoxyquin,"Cosmetic, agricultural, pharmaceutical or industrial product",Pharmaceutical,"gupta and boobis et al., 2005",,Organoheterocyclic compounds,Quinolines and derivatives,Quinolones and derivatives
Massbank:PR310583 Hetisine,0.9957,https://metabolomics-usi.gnps2.org/dashinterface/?usi1=mzspec%3AGNPS%3ATASK-991ffcd3523e4e92afa3387f6096d9dc-spectra%2Fspecs_ms.mgf%3Ascan%3A660&usi2=mzspec%3AGNPS%3AGNPS%3AGNPS-LIBRARY%3Aaccession%3ACCMSLIB00005741621#%7B%7D,Hetisine,"Cosmetic, agricultural, pharmaceutical or industrial product",Pharmaceutical,"Yin et al., 2021 ",,Lipids and lipid-like molecules,Prenol lipids,Diterpenoids
Spectral Match to Eicosapentaenoic acid ethyl ester from NIST14,0.8066,https://metabolomics-usi.gnps2.org/dashinterface/?usi1=mzspec%3AGNPS%3ATASK-991ffcd3523e4e92afa3387f6096d9dc-spectra%2Fspecs_ms.mgf%3Ascan%3A672&usi2=mzspec%3AGNPS%3AGNPS%3AGNPS-LIBRARY%3Aaccession%3ACCMSLIB00003138718#%7B%7D,Eicosapentaenoic acid ethyl ester,"Cosmetic, agricultural, pharmaceutical or industrial product",Pharmaceutical,"Hamazaki et al., 1990; Ballantyne et al., 2012",,Lipids and lipid-like molecules,Fatty Acyls,Fatty acid esters
Spectral Match to Pinolenic acid from NIST14,0.8578,https://metabolomics-usi.gnps2.org/dashinterface/?usi1=mzspec%3AGNPS%3ATASK-991ffcd3523e4e92afa3387f6096d9dc-spectra%2Fspecs_ms.mgf%3Ascan%3A336&usi2=mzspec%3AGNPS%3AGNPS%3AGNPS-LIBRARY%3Aaccession%3ACCMSLIB00003138291#%7B%7D,Pinolenic acid,"Cosmetic, agricultural, pharmaceutical or industrial product",Pharmaceutical,"Takala et al., 2023",,Lipids and lipid-like molecules,Fatty Acyls,Lineolic acids and derivatives
Spectral Match to Tributyl phosphate from NIST14,0.9764,https://metabolomics-usi.gnps2.org/dashinterface/?usi1=mzspec%3AGNPS%3ATASK-991ffcd3523e4e92afa3387f6096d9dc-spectra%2Fspecs_ms.mgf%3Ascan%3A361&usi2=mzspec%3AGNPS%3AGNPS%3AGNPS-LIBRARY%3Aaccession%3ACCMSLIB00003139598#%7B%7D,Tributyl phosphate,"Cosmetic, agricultural, pharmaceutical or industrial product",,"Bargar et al., 2013",,Organic acids and derivatives,Organic phosphoric acids and derivatives,Phosphate esters
Spectral Match to Abrine from NIST14,0.9729,https://metabolomics-usi.gnps2.org/dashinterface/?usi1=mzspec%3AGNPS%3ATASK-991ffcd3523e4e92afa3387f6096d9dc-spectra%2Fspecs_ms.mgf%3Ascan%3A135&usi2=mzspec%3AGNPS%3AGNPS%3AGNPS-LIBRARY%3Aaccession%3ACCMSLIB00003139168#%7B%7D,Abrine,"Marine fungi, sponges and E. Coli",,,,NA,NA,NA
Massbank:LU030803 Lauryldiethanolamine|2-[dodecyl(2-hydroxyethyl)amino]ethanol,0.9655,https://metabolomics-usi.gnps2.org/dashinterface/?usi1=mzspec%3AGNPS%3ATASK-991ffcd3523e4e92afa3387f6096d9dc-spectra%2Fspecs_ms.mgf%3Ascan%3A380&usi2=mzspec%3AGNPS%3AGNPS%3AGNPS-LIBRARY%3Aaccession%3ACCMSLIB00005764095#%7B%7D,Lauryldiethanolamine,MS microtube contaminant,,"Chai et al., 2019",,Organic nitrogen compounds,Organonitrogen compounds,Amines
Spectral Match to 1-Linoleoylglycerol from NIST14,0.9305,https://metabolomics-usi.gnps2.org/dashinterface/?usi1=mzspec%3AGNPS%3ATASK-991ffcd3523e4e92afa3387f6096d9dc-spectra%2Fspecs_ms.mgf%3Ascan%3A832&usi2=mzspec%3AGNPS%3AGNPS%3AGNPS-LIBRARY%3Aaccession%3ACCMSLIB00003134936#%7B%7D,1-Linoleoylglycerol,Plant metabolite,,,,NA,NA,NA
"2-(2-hydroxybut-3-en-2-yl)-3a,6,6,9a-tetramethyl-2,4,5,5a,7,8,9,9b-octahydro-1H-benzo[e][1]benzofuran-4,5-diol",0.9712,https://metabolomics-usi.gnps2.org/dashinterface/?usi1=mzspec%3AGNPS%3ATASK-991ffcd3523e4e92afa3387f6096d9dc-spectra%2Fspecs_ms.mgf%3Ascan%3A857&usi2=mzspec%3AGNPS%3AGNPS%3AGNPS-LIBRARY%3Aaccession%3ACCMSLIB00004715238#%7B%7D,"2-(2-hydroxybut-3-en-2-yl)-3a,6,6,9a-tetramethyl-2,4,5,5a,7,8,9,9b-octahydro-1H-benzo[e][1]benzofuran-4,5-diol",Unknown,,,,Organoheterocyclic compounds,Naphthofurans,NA
"""N-[5-(2-methylpropyl)-4-oxo(1,3-dioxan-5-yl)]benzamide CollisionEnergy:102040""",0.9788,https://metabolomics-usi.gnps2.org/dashinterface/?usi1=mzspec%3AGNPS%3ATASK-991ffcd3523e4e92afa3387f6096d9dc-spectra%2Fspecs_ms.mgf%3Ascan%3A503&usi2=mzspec%3AGNPS%3AGNPS%3AGNPS-LIBRARY%3Aaccession%3ACCMSLIB00010108590#%7B%7D,"N-[5-(2-methylpropyl)-4-oxo(1,3-dioxan-5-yl)]benzamide",Unknown,,,,Organic acids and derivatives,Carboxylic acids and derivatives,"Amino acids, peptides, and analogues"
dehydrohaliclocyclin F dial,0.9899,https://metabolomics-usi.gnps2.org/dashinterface/?usi1=mzspec%3AGNPS%3ATASK-991ffcd3523e4e92afa3387f6096d9dc-spectra%2Fspecs_ms.mgf%3Ascan%3A526&usi2=mzspec%3AGNPS%3AGNPS%3AGNPS-LIBRARY%3Aaccession%3ACCMSLIB00000007074&width=10.0&height=6.0&mz_min=None&mz_max=None&max_intensity=125&annotate_precision=4&annotation_rotation=90&cosine=standard&fragment_mz_tolerance=0.1&grid=True&annotate_peaks=%5B%5B260.20159912109375%2C%20304.2278137207031%5D%2C%20%5B304.2269287109375%5D%5D#%7B%7D,dehydrohaliclocyclin F dial,Unknown,,,,Organoheterocyclic compounds,Pyridines and derivatives,Pyridinium derivatives
histamine-C23:1,0.9169,https://metabolomics-usi.gnps2.org/dashinterface/?usi1=mzspec%3AGNPS%3ATASK-991ffcd3523e4e92afa3387f6096d9dc-spectra%2Fspecs_ms.mgf%3Ascan%3A1223&usi2=mzspec%3AGNPS%3AGNPS%3AGNPS-LIBRARY%3Aaccession%3ACCMSLIB00011436664#%7B%7D,histamine-C23:1,Unknown,,,,Lipids and lipid-like molecules,Fatty Acyls,Fatty amides
"NCGC00384783-01_C17H25NO3_Azepino[3,2,1-hi]furo[3,2-e]indole-2,10-dione, 8-ethyldodecahydro-11-methyl-, (7aR,8R,8aS,11S,11aS,11bR,11cR)-",0.9934,https://metabolomics-usi.gnps2.org/dashinterface/?usi1=mzspec%3AGNPS%3ATASK-991ffcd3523e4e92afa3387f6096d9dc-spectra%2Fspecs_ms.mgf%3Ascan%3A469&usi2=mzspec%3AGNPS%3AGNPS%3AGNPS-LIBRARY%3Aaccession%3ACCMSLIB00000849249#%7B%7D,"Azepino[3,2,1-hi]furo[3,2-e]indole-2,10-dione, 8-ethyldodecahydro-11-methyl-, (7aR,8R,8aS,11S,11aS,11bR,11cR)-",Unknown,,,,Alkaloids and derivatives,Stemona alkaloids,Stenine-type alkaloids
Spectral Match to 1-Hexadecanoyl-sn-glycerol from NIST14,0.9531,https://metabolomics-usi.gnps2.org/dashinterface/?usi1=mzspec%3AGNPS%3ATASK-991ffcd3523e4e92afa3387f6096d9dc-spectra%2Fspecs_ms.mgf%3Ascan%3A673&usi2=mzspec%3AGNPS%3AGNPS%3AGNPS-LIBRARY%3Aaccession%3ACCMSLIB00003137957#%7B%7D,1-Hexadecanoyl-sn-glycerol,Unknown,,,,NA,NA,NA