,scan,network,conciseConsensus,conciseConsensusScore,conciseConsensusLevel,numberOfNodes,matchSource
0,1,-1,,,,,
1,2,-1,,,,,
2,3,-1,,,,,
3,4,-1,,,,,
4,5,-1,,,,,
5,6,-1,,,,,
6,7,212,,,,,
7,8,-1,,,,,
8,9,23,Alkaloids,0.75,superclass,4.0,Library
9,10,124,,,,,
10,11,76,,,,,
11,12,76,,,,,
12,13,76,,,,,
13,14,6,,,,,
14,15,23,Alkaloids,0.75,superclass,4.0,Library
15,16,102,Alkaloids|Amino acids and Peptides|Shikimates and Phenylpropanoids;Small peptides;Aminoacids,1.0,subclass,15.0,Library
16,17,102,Alkaloids|Amino acids and Peptides|Shikimates and Phenylpropanoids;Small peptides;Aminoacids,1.0,subclass,15.0,Library
17,18,102,Alkaloids|Amino acids and Peptides|Shikimates and Phenylpropanoids;Small peptides;Aminoacids,1.0,subclass,15.0,Library
18,19,102,Alkaloids|Amino acids and Peptides|Shikimates and Phenylpropanoids;Small peptides;Aminoacids,1.0,subclass,15.0,Library
19,20,102,Alkaloids|Amino acids and Peptides|Shikimates and Phenylpropanoids;Small peptides;Aminoacids,1.0,subclass,15.0,Library
20,21,102,Alkaloids|Amino acids and Peptides|Shikimates and Phenylpropanoids;Small peptides;Aminoacids,1.0,subclass,15.0,Library
21,22,102,Alkaloids|Amino acids and Peptides|Shikimates and Phenylpropanoids;Small peptides;Aminoacids,1.0,subclass,15.0,Library
22,23,102,Alkaloids|Amino acids and Peptides|Shikimates and Phenylpropanoids;Small peptides;Aminoacids,1.0,subclass,15.0,Library
23,24,102,Alkaloids|Amino acids and Peptides|Shikimates and Phenylpropanoids;Small peptides;Aminoacids,1.0,subclass,15.0,Library
24,25,102,Alkaloids|Amino acids and Peptides|Shikimates and Phenylpropanoids;Small peptides;Aminoacids,1.0,subclass,15.0,Library
25,26,102,Alkaloids|Amino acids and Peptides|Shikimates and Phenylpropanoids;Small peptides;Aminoacids,1.0,subclass,15.0,Library
26,27,102,Alkaloids|Amino acids and Peptides|Shikimates and Phenylpropanoids;Small peptides;Aminoacids,1.0,subclass,15.0,Library
27,28,102,Alkaloids|Amino acids and Peptides|Shikimates and Phenylpropanoids;Small peptides;Aminoacids,1.0,subclass,15.0,Library
28,29,102,Alkaloids|Amino acids and Peptides|Shikimates and Phenylpropanoids;Small peptides;Aminoacids,1.0,subclass,15.0,Library
29,30,102,Alkaloids|Amino acids and Peptides|Shikimates and Phenylpropanoids;Small peptides;Aminoacids,1.0,subclass,15.0,Library
30,31,212,,,,,
31,32,-1,,,,,
32,33,88,,,,4.0,Library
33,34,76,,,,,
34,35,-1,,,,,
35,36,1,,,,,
36,37,-1,,,,,
37,38,6,,,,,
38,39,-1,,,,,
39,40,225,,,,,
40,41,225,,,,,
41,42,225,,,,,
42,43,195,,,,,
43,44,-1,,,,,
44,45,6,,,,,
45,46,7,,,,,
46,47,7,,,,,
47,48,7,,,,,
48,49,7,,,,,
49,50,195,,,,,
50,51,105,Fatty acids;Fatty esters;Fatty acyl carnitines,1.0,subclass,1.0,In silico
51,52,32,Fatty acids;Fatty esters,1.0,class,3.0,In silico
52,53,-1,,,,,
53,54,98,Amino acids and Peptides;Small peptides;Aminoacids,1.0,subclass,1.0,Library
54,55,195,,,,,
55,56,72,,,,,
56,57,195,,,,,
57,58,124,,,,,
58,59,-1,,,,,
59,60,34,,,,,
60,61,-1,,,,,
61,62,155,Terpenoids;Monoterpenoids;Menthane monoterpenoids,1.0,subclass,1.0,Library
62,63,-1,,,,,
63,64,195,,,,,
64,65,7,,,,,
65,66,7,,,,,
66,67,7,,,,,
67,68,7,,,,,
68,69,7,,,,,
69,70,-1,,,,,
70,71,1,,,,,
71,72,-1,,,,,
72,73,7,,,,,
73,74,34,,,,,
74,75,335,Fatty acids,1.0,superclass,2.0,In silico
75,76,42,Alkaloids;Pseudoalkaloids (transamidation);Purine alkaloids,0.8,subclass,5.0,In silico
76,77,42,Alkaloids;Pseudoalkaloids (transamidation);Purine alkaloids,0.8,subclass,5.0,In silico
77,78,23,Alkaloids,0.75,superclass,4.0,Library
78,79,101,,,,,
79,80,34,,,,,
80,81,32,Fatty acids;Fatty esters,1.0,class,3.0,In silico
81,82,32,Fatty acids;Fatty esters,1.0,class,3.0,In silico
82,83,1,,,,,
83,84,53,,,,,
84,85,167,,,,,
85,86,7,,,,,
86,87,155,Terpenoids;Monoterpenoids;Menthane monoterpenoids,1.0,subclass,1.0,Library
87,88,88,,,,4.0,Library
88,89,34,,,,,
89,90,76,,,,,
90,91,101,,,,,
91,92,101,,,,,
92,93,79,Terpenoids;Meroterpenoids;Prenyl quinone meroterpenoids,1.0,subclass,1.0,Library
93,94,167,,,,,
94,95,195,,,,,
95,96,34,,,,,
96,97,190,Alkaloids;Small peptides;Polyamines,1.0,subclass,1.0,In silico
97,98,7,,,,,
98,99,-1,,,,,
99,100,-1,,,,,
100,101,34,,,,,
101,102,335,Fatty acids,1.0,superclass,2.0,In silico
102,103,-1,,,,,
103,104,42,Alkaloids;Pseudoalkaloids (transamidation);Purine alkaloids,0.8,subclass,5.0,In silico
104,105,34,,,,,
105,106,34,,,,,
106,107,-1,,,,,
107,108,19,Fatty acids,0.7301587301587301,superclass,63.0,In silico
108,109,19,Fatty acids,0.7301587301587301,superclass,63.0,In silico
109,110,-1,,,,,
110,111,1,,,,,
111,112,7,,,,,
112,113,7,,,,,
113,114,-1,,,,,
114,115,283,,,,,
115,116,116,Alkaloids;Monoterpenoids;Pyridine alkaloids,1.0,subclass,1.0,In silico
116,117,237,Carbohydrates;Nucleosides;Pyrimidine nucleos(t)ides,1.0,subclass,1.0,Library
117,118,98,Amino acids and Peptides;Small peptides;Aminoacids,1.0,subclass,1.0,Library
118,119,155,Terpenoids;Monoterpenoids;Menthane monoterpenoids,1.0,subclass,1.0,Library
119,120,155,Terpenoids;Monoterpenoids;Menthane monoterpenoids,1.0,subclass,1.0,Library
120,121,34,,,,,
121,122,-1,,,,,
122,123,1,,,,,
123,124,1,,,,,
124,125,81,Alkaloids;Tryptophan alkaloids;Simple indole alkaloids,1.0,subclass,1.0,In silico
125,126,88,,,,4.0,Library
126,127,34,,,,,
127,128,101,,,,,
128,129,-1,,,,,
129,130,1,,,,,
130,131,1,,,,,
131,132,-1,,,,,
132,133,-1,,,,,
133,134,34,,,,,
134,135,53,,,,,
135,136,-1,,,,,
136,137,-1,,,,,
137,138,34,,,,,
138,139,-1,,,,,
139,140,34,,,,,
140,141,-1,,,,,
141,142,1,,,,,
142,143,44,Fatty acids;Fatty Acids and Conjugates;Thia fatty acids,1.0,subclass,2.0,In silico
143,144,44,Fatty acids;Fatty Acids and Conjugates;Thia fatty acids,1.0,subclass,2.0,In silico
144,145,-1,,,,,
145,146,42,Alkaloids;Pseudoalkaloids (transamidation);Purine alkaloids,0.8,subclass,5.0,In silico
146,147,42,Alkaloids;Pseudoalkaloids (transamidation);Purine alkaloids,0.8,subclass,5.0,In silico
147,148,116,Alkaloids;Monoterpenoids;Pyridine alkaloids,1.0,subclass,1.0,In silico
148,149,143,Fatty acids;;,1.0,subclass,1.0,Library
149,150,81,Alkaloids;Tryptophan alkaloids;Simple indole alkaloids,1.0,subclass,1.0,In silico
150,151,6,,,,,
151,152,155,Terpenoids;Monoterpenoids;Menthane monoterpenoids,1.0,subclass,1.0,Library
152,153,81,Alkaloids;Tryptophan alkaloids;Simple indole alkaloids,1.0,subclass,1.0,In silico
153,154,72,,,,,
154,155,-1,,,,,
155,156,-1,,,,,
156,157,167,,,,,
157,158,34,,,,,
158,159,3,,,,,
159,160,-1,,,,,
160,161,7,,,,,
161,162,34,,,,,
162,163,-1,,,,,
163,164,79,Terpenoids;Meroterpenoids;Prenyl quinone meroterpenoids,1.0,subclass,1.0,Library
164,165,7,,,,,
165,166,-1,,,,,
166,167,190,Alkaloids;Small peptides;Polyamines,1.0,subclass,1.0,In silico
167,168,283,,,,,
168,169,-1,,,,,
169,170,81,Alkaloids;Tryptophan alkaloids;Simple indole alkaloids,1.0,subclass,1.0,In silico
170,171,-1,,,,,
171,172,34,,,,,
172,173,81,Alkaloids;Tryptophan alkaloids;Simple indole alkaloids,1.0,subclass,1.0,In silico
173,174,196,Amino acids and Peptides;Small peptides;Aminoacids,1.0,subclass,1.0,In silico
174,175,-1,,,,,
175,176,1,,,,,
176,177,1,,,,,
177,178,216,,,,,
178,179,19,Fatty acids,0.7301587301587301,superclass,63.0,In silico
179,180,34,,,,,
180,181,34,,,,,
181,182,23,Alkaloids,0.75,superclass,4.0,Library
182,183,-1,,,,,
183,184,159,,,,,
184,185,159,,,,,
185,186,7,,,,,
186,187,-1,,,,,
187,188,81,Alkaloids;Tryptophan alkaloids;Simple indole alkaloids,1.0,subclass,1.0,In silico
188,189,-1,,,,,
189,190,-1,,,,,
190,191,-1,,,,,
191,192,-1,,,,,
192,193,34,,,,,
193,194,3,,,,,
194,195,237,Carbohydrates;Nucleosides;Pyrimidine nucleos(t)ides,1.0,subclass,1.0,Library
195,196,34,,,,,
196,197,143,Fatty acids;;,1.0,subclass,1.0,Library
197,198,34,,,,,
198,199,237,Carbohydrates;Nucleosides;Pyrimidine nucleos(t)ides,1.0,subclass,1.0,Library
199,200,88,,,,4.0,Library
200,201,-1,,,,,
201,202,79,Terpenoids;Meroterpenoids;Prenyl quinone meroterpenoids,1.0,subclass,1.0,Library
202,203,223,,,,,
203,204,223,,,,,
204,205,1,,,,,
205,206,1,,,,,
206,207,1,,,,,
207,208,-1,,,,,
208,209,-1,,,,,
209,210,-1,,,,,
210,211,40,,,,,
211,212,-1,,,,,
212,213,-1,,,,,
213,214,81,Alkaloids;Tryptophan alkaloids;Simple indole alkaloids,1.0,subclass,1.0,In silico
214,215,34,,,,,
215,216,-1,,,,,
216,217,81,Alkaloids;Tryptophan alkaloids;Simple indole alkaloids,1.0,subclass,1.0,In silico
217,218,196,Amino acids and Peptides;Small peptides;Aminoacids,1.0,subclass,1.0,In silico
218,219,34,,,,,
219,220,34,,,,,
220,221,1,,,,,
221,222,216,,,,,
222,223,19,Fatty acids,0.7301587301587301,superclass,63.0,In silico
223,224,7,,,,,
224,225,7,,,,,
225,226,7,,,,,
226,227,7,,,,,
227,228,81,Alkaloids;Tryptophan alkaloids;Simple indole alkaloids,1.0,subclass,1.0,In silico
228,229,239,Shikimates and Phenylpropanoids;Flavonoids;Flavones,1.0,subclass,1.0,Library
229,230,-1,,,,,
230,231,34,,,,,
231,232,137,,,,,
232,233,45,,,,,
233,234,-1,,,,,
234,235,34,,,,,
235,236,179,Fatty acids,1.0,superclass,3.0,In silico
236,237,-1,,,,,
237,238,-1,,,,,
238,239,-1,,,,,
239,240,79,Terpenoids;Meroterpenoids;Prenyl quinone meroterpenoids,1.0,subclass,1.0,Library
240,241,-1,,,,,
241,242,-1,,,,,
242,243,1,,,,,
243,244,1,,,,,
244,245,205,Fatty acids;Fatty acyls;Fatty alcohols,1.0,subclass,2.0,In silico
245,246,-1,,,,,
246,247,-1,,,,,
247,248,-1,,,,,
248,249,-1,,,,,
249,250,81,Alkaloids;Tryptophan alkaloids;Simple indole alkaloids,1.0,subclass,1.0,In silico
250,251,81,Alkaloids;Tryptophan alkaloids;Simple indole alkaloids,1.0,subclass,1.0,In silico
251,252,-1,,,,,
252,253,81,Alkaloids;Tryptophan alkaloids;Simple indole alkaloids,1.0,subclass,1.0,In silico
253,254,-1,,,,,
254,255,137,,,,,
255,256,-1,,,,,
256,257,-1,,,,,
257,258,1,,,,,
258,259,1,,,,,
259,260,216,,,,,
260,261,19,Fatty acids,0.7301587301587301,superclass,63.0,In silico
261,262,7,,,,,
262,263,242,Fatty acids;Fatty acyls;Fatty alcohols,0.75,subclass,4.0,In silico
263,264,1,,,,,
264,265,7,,,,,
265,266,7,,,,,
266,267,7,,,,,
267,268,187,Amino acids and Peptides;Small peptides;Aminoacids,1.0,subclass,1.0,In silico
268,269,1,,,,,
269,270,1,,,,,
270,271,-1,,,,,
271,272,-1,,,,,
272,273,-1,,,,,
273,274,224,Alkaloids;Pseudoalkaloids (transamidation);Polyamines,1.0,subclass,1.0,In silico
274,275,224,Alkaloids;Pseudoalkaloids (transamidation);Polyamines,1.0,subclass,1.0,In silico
275,276,-1,,,,,
276,277,239,Shikimates and Phenylpropanoids;Flavonoids;Flavones,1.0,subclass,1.0,Library
277,278,72,,,,,
278,279,-1,,,,,
279,280,117,,,,,
280,281,-1,,,,,
281,282,120,Alkaloids;Pseudoalkaloids (transamidation),1.0,class,2.0,In silico
282,283,1,,,,,
283,284,-1,,,,,
284,285,3,,,,,
285,286,-1,,,,,
286,287,1,,,,,
287,288,83,Fatty acids,1.0,superclass,5.0,Library
288,289,-1,,,,,
289,290,-1,,,,,
290,291,-1,,,,,
291,292,1,,,,,
292,293,-1,,,,,
293,294,244,,,,,
294,295,19,Fatty acids,0.7301587301587301,superclass,63.0,In silico
295,296,7,,,,,
296,297,-1,,,,,
297,298,83,Fatty acids,1.0,superclass,5.0,Library
298,299,-1,,,,,
299,300,296,,,,,
300,301,204,Alkaloids;;,1.0,subclass,1.0,Library
301,302,64,Alkaloids,0.8333333333333334,superclass,6.0,In silico
302,303,64,Alkaloids,0.8333333333333334,superclass,6.0,In silico
303,304,-1,,,,,
304,305,7,,,,,
305,306,7,,,,,
306,307,112,,,,,
307,308,-1,,,,,
308,309,-1,,,,,
309,310,117,,,,,
310,311,-1,,,,,
311,312,150,,,,,
312,313,150,,,,,
313,314,-1,,,,,
314,315,150,,,,,
315,316,79,Terpenoids;Meroterpenoids;Prenyl quinone meroterpenoids,1.0,subclass,1.0,Library
316,317,-1,,,,,
317,318,-1,,,,,
318,319,1,,,,,
319,320,205,Fatty acids;Fatty acyls;Fatty alcohols,1.0,subclass,2.0,In silico
320,321,187,Amino acids and Peptides;Small peptides;Aminoacids,1.0,subclass,1.0,In silico
321,322,1,,,,,
322,323,1,,,,,
323,324,112,,,,,
324,325,-1,,,,,
325,326,-1,,,,,
326,327,242,Fatty acids;Fatty acyls;Fatty alcohols,0.75,subclass,4.0,In silico
327,328,1,,,,,
328,329,-1,,,,,
329,330,19,Fatty acids,0.7301587301587301,superclass,63.0,In silico
330,331,7,,,,,
331,332,7,,,,,
332,333,242,Fatty acids;Fatty acyls;Fatty alcohols,0.75,subclass,4.0,In silico
333,334,-1,,,,,
334,335,1,,,,,
335,336,1,,,,,
336,337,1,,,,,
337,338,1,,,,,
338,339,1,,,,,
339,340,-1,,,,,
340,341,204,Alkaloids;;,1.0,subclass,1.0,Library
341,342,7,,,,,
342,343,19,Fatty acids,0.7301587301587301,superclass,63.0,In silico
343,344,-1,,,,,
344,345,7,,,,,
345,346,7,,,,,
346,347,-1,,,,,
347,348,-1,,,,,
348,349,-1,,,,,
349,350,1,,,,,
350,351,1,,,,,
351,352,-1,,,,,
352,353,120,Alkaloids;Pseudoalkaloids (transamidation),1.0,class,2.0,In silico
353,354,7,,,,,
354,355,7,,,,,
355,356,-1,,,,,
356,357,-1,,,,,
357,358,7,,,,,
358,359,1,,,,,
359,360,64,Alkaloids,0.8333333333333334,superclass,6.0,In silico
360,361,143,Fatty acids;;,1.0,subclass,1.0,Library
361,362,3,,,,,
362,363,177,Carbohydrates;Nucleosides;Purine nucleos(t)ides,1.0,subclass,3.0,Library
363,364,177,Carbohydrates;Nucleosides;Purine nucleos(t)ides,1.0,subclass,3.0,Library
364,365,-1,,,,,
365,366,239,Shikimates and Phenylpropanoids;Flavonoids;Flavones,1.0,subclass,1.0,Library
366,367,-1,,,,,
367,368,-1,,,,,
368,369,7,,,,,
369,370,-1,,,,,
370,371,162,,,,,
371,372,7,,,,,
372,373,7,,,,,
373,374,-1,,,,,
374,375,-1,,,,,
375,376,244,,,,,
376,377,-1,,,,,
377,378,162,,,,,
378,379,7,,,,,
379,380,83,Fatty acids,1.0,superclass,5.0,Library
380,381,120,Alkaloids;Pseudoalkaloids (transamidation),1.0,class,2.0,In silico
381,382,-1,,,,,
382,383,-1,,,,,
383,384,-1,,,,,
384,385,41,,,,,
385,386,1,,,,,
386,387,7,,,,,
387,388,-1,,,,,
388,389,7,,,,,
389,390,64,Alkaloids,0.8333333333333334,superclass,6.0,In silico
390,391,64,Alkaloids,0.8333333333333334,superclass,6.0,In silico
391,392,64,Alkaloids,0.8333333333333334,superclass,6.0,In silico
392,393,-1,,,,,
393,394,64,Alkaloids,0.8333333333333334,superclass,6.0,In silico
394,395,-1,,,,,
395,396,-1,,,,,
396,397,7,,,,,
397,398,7,,,,,
398,399,7,,,,,
399,400,96,Terpenoids;Monoterpenoids;Menthane monoterpenoids,1.0,subclass,2.0,In silico
400,401,96,Terpenoids;Monoterpenoids;Menthane monoterpenoids,1.0,subclass,2.0,In silico
401,402,7,,,,,
402,403,7,,,,,
403,404,-1,,,,,
404,405,19,Fatty acids,0.7301587301587301,superclass,63.0,In silico
405,406,244,,,,,
406,407,145,,,,,
407,408,7,,,,,
408,409,-1,,,,,
409,410,1,,,,,
410,411,8,,,,4.0,In silico
411,412,-1,,,,,
412,413,7,,,,,
413,414,-1,,,,,
414,415,3,,,,,
415,416,-1,,,,,
416,417,-1,,,,,
417,418,1,,,,,
418,419,8,,,,4.0,In silico
419,420,1,,,,,
420,421,72,,,,,
421,422,-1,,,,,
422,423,1,,,,,
423,424,1,,,,,
424,425,-1,,,,,
425,426,117,,,,,
426,427,7,,,,,
427,428,103,Amino acids and Peptides|Shikimates and Phenylpropanoids;Mycosporine derivatives;Mycosporine and Mycosporine-like amino acids,1.0,subclass,2.0,Library
428,429,103,Amino acids and Peptides|Shikimates and Phenylpropanoids;Mycosporine derivatives;Mycosporine and Mycosporine-like amino acids,1.0,subclass,2.0,Library
429,430,7,,,,,
430,431,201,,,,,
431,432,7,,,,,
432,433,7,,,,,
433,434,7,,,,,
434,435,1,,,,,
435,436,67,Terpenoids;Diterpenoids;Viscidane diterpenoids,1.0,subclass,2.0,Library
436,437,-1,,,,,
437,438,7,,,,,
438,439,19,Fatty acids,0.7301587301587301,superclass,63.0,In silico
439,440,-1,,,,,
440,441,7,,,,,
441,442,7,,,,,
442,443,104,Fatty acids;Fatty amides;N-acyl ethanolamines (endocannabinoids),1.0,subclass,1.0,Library
443,444,83,Fatty acids,1.0,superclass,5.0,Library
444,445,83,Fatty acids,1.0,superclass,5.0,Library
445,446,242,Fatty acids;Fatty acyls;Fatty alcohols,0.75,subclass,4.0,In silico
446,447,83,Fatty acids,1.0,superclass,5.0,Library
447,448,83,Fatty acids,1.0,superclass,5.0,Library
448,449,-1,,,,,
449,450,262,Alkaloids;Pseudoalkaloids (transamidation);Purine alkaloids,1.0,subclass,2.0,In silico
450,451,262,Alkaloids;Pseudoalkaloids (transamidation);Purine alkaloids,1.0,subclass,2.0,In silico
451,452,-1,,,,,
452,453,120,Alkaloids;Pseudoalkaloids (transamidation),1.0,class,2.0,In silico
453,454,1,,,,,
454,455,-1,,,,,
455,456,-1,,,,,
456,457,-1,,,,,
457,458,7,,,,,
458,459,7,,,,,
459,460,-1,,,,,
460,461,-1,,,,,
461,462,7,,,,,
462,463,120,Alkaloids;Pseudoalkaloids (transamidation),1.0,class,2.0,In silico
463,464,7,,,,,
464,465,-1,,,,,
465,466,-1,,,,,
466,467,7,,,,,
467,468,7,,,,,
468,469,7,,,,,
469,470,7,,,,,
470,471,201,,,,,
471,472,1,,,,,
472,473,11,Alkaloids,0.75,superclass,8.0,In silico
473,474,23,Alkaloids,0.75,superclass,4.0,Library
474,475,7,,,,,
475,476,-1,,,,,
476,477,-1,,,,,
477,478,-1,,,,,
478,479,8,,,,4.0,In silico
479,480,-1,,,,,
480,481,-1,,,,,
481,482,7,,,,,
482,483,3,,,,,
483,484,3,,,,,
484,485,3,,,,,
485,486,3,,,,,
486,487,-1,,,,,
487,488,3,,,,,
488,489,23,Alkaloids,0.75,superclass,4.0,Library
489,490,-1,,,,,
490,491,-1,,,,,
491,492,-1,,,,,
492,493,117,,,,,
493,494,188,,,,,
494,495,188,,,,,
495,496,1,,,,,
496,497,177,Carbohydrates;Nucleosides;Purine nucleos(t)ides,1.0,subclass,3.0,Library
497,498,-1,,,,,
498,499,23,Alkaloids,0.75,superclass,4.0,Library
499,500,8,,,,4.0,In silico
500,501,1,,,,,
501,502,188,,,,,
502,503,7,,,,,
503,504,179,Fatty acids,1.0,superclass,3.0,In silico
504,505,7,,,,,
505,506,139,Alkaloids,0.75,superclass,4.0,In silico
506,507,41,,,,,
507,508,1,,,,,
508,509,241,,,,,
509,510,241,,,,,
510,511,-1,,,,,
511,512,7,,,,,
512,513,7,,,,,
513,514,83,Fatty acids,1.0,superclass,5.0,Library
514,515,-1,,,,,
515,516,-1,,,,,
516,517,1,,,,,
517,518,-1,,,,,
518,519,1,,,,,
519,520,1,,,,,
520,521,-1,,,,,
521,522,7,,,,,
522,523,7,,,,,
523,524,7,,,,,
524,525,-1,,,,,
525,526,7,,,,,
526,527,7,,,,,
527,528,90,Fatty acids;Fatty acyls;Fatty alcohols,1.0,subclass,2.0,In silico
528,529,-1,,,,,
529,530,90,Fatty acids;Fatty acyls;Fatty alcohols,1.0,subclass,2.0,In silico
530,531,50,Alkaloids;Nicotinic acid alkaloids;Pyridine alkaloids,1.0,subclass,3.0,In silico
531,532,296,,,,,
532,533,-1,,,,,
533,534,64,Alkaloids,0.8333333333333334,superclass,6.0,In silico
534,535,64,Alkaloids,0.8333333333333334,superclass,6.0,In silico
535,536,1,,,,,
536,537,67,Terpenoids;Diterpenoids;Viscidane diterpenoids,1.0,subclass,2.0,Library
537,538,-1,,,,,
538,539,18,,,,,
539,540,7,,,,,
540,541,7,,,,,
541,542,7,,,,,
542,543,-1,,,,,
543,544,11,Alkaloids,0.75,superclass,8.0,In silico
544,545,7,,,,,
545,546,7,,,,,
546,547,7,,,,,
547,548,-1,,,,,
548,549,3,,,,,
549,550,3,,,,,
550,551,3,,,,,
551,552,249,,,,,
552,553,249,,,,,
553,554,1,,,,,
554,555,1,,,,,
555,556,-1,,,,,
556,557,115,Alkaloids,1.0,superclass,2.0,In silico
557,558,118,,,,,
558,559,7,,,,,
559,560,11,Alkaloids,0.75,superclass,8.0,In silico
560,561,3,,,,,
561,562,23,Alkaloids,0.75,superclass,4.0,Library
562,563,1,,,,,
563,564,-1,,,,,
564,565,-1,,,,,
565,566,-1,,,,,
566,567,115,Alkaloids,1.0,superclass,2.0,In silico
567,568,182,,,,,
568,569,97,,,,,
569,570,23,Alkaloids,0.75,superclass,4.0,Library
570,571,3,,,,,
571,572,7,,,,,
572,573,3,,,,,
573,574,54,,,,3.0,In silico
574,575,54,,,,3.0,In silico
575,576,54,,,,3.0,In silico
576,577,7,,,,,
577,578,19,Fatty acids,0.7301587301587301,superclass,63.0,In silico
578,579,227,,,,,
579,580,-1,,,,,
580,581,17,,,,,
581,582,7,,,,,
582,583,7,,,,,
583,584,7,,,,,
584,585,7,,,,,
585,586,19,Fatty acids,0.7301587301587301,superclass,63.0,In silico
586,587,-1,,,,,
587,588,19,Fatty acids,0.7301587301587301,superclass,63.0,In silico
588,589,7,,,,,
589,590,7,,,,,
590,591,104,Fatty acids;Fatty amides;N-acyl ethanolamines (endocannabinoids),1.0,subclass,1.0,Library
591,592,-1,,,,,
592,593,189,Fatty acids,1.0,superclass,7.0,In silico
593,594,250,Fatty acids;Fatty acyls,1.0,class,2.0,In silico
594,595,-1,,,,,
595,596,83,Fatty acids,1.0,superclass,5.0,Library
596,597,113,,,,,
597,598,113,,,,,
598,599,-1,,,,,
599,600,-1,,,,,
600,601,-1,,,,,
601,602,1,,,,,
602,603,7,,,,,
603,604,60,,,,,
604,605,7,,,,,
605,606,7,,,,,
606,607,7,,,,,
607,608,7,,,,,
608,609,-1,,,,,
609,610,125,,,,,
610,611,-1,,,,,
611,612,41,,,,,
612,613,41,,,,,
613,614,-1,,,,,
614,615,7,,,,,
615,616,145,,,,,
616,617,1,,,,,
617,618,7,,,,,
618,619,7,,,,,
619,620,-1,,,,,
620,621,-1,,,,,
621,622,-1,,,,,
622,623,114,,,,,
623,624,99,Fatty acids;Fatty amides;Nitro fatty acids,1.0,subclass,1.0,In silico
624,625,109,,,,,
625,626,35,,,,,
626,627,35,,,,,
627,628,18,,,,,
628,629,7,,,,,
629,630,7,,,,,
630,631,11,Alkaloids,0.75,superclass,8.0,In silico
631,632,7,,,,,
632,633,23,Alkaloids,0.75,superclass,4.0,Library
633,634,7,,,,,
634,635,7,,,,,
635,636,99,Fatty acids;Fatty amides;Nitro fatty acids,1.0,subclass,1.0,In silico
636,637,-1,,,,,
637,638,1,,,,,
638,639,3,,,,,
639,640,17,,,,,
640,641,306,Terpenoids;Flavonoids;Chalcones,1.0,subclass,1.0,In silico
641,642,-1,,,,,
642,643,23,Alkaloids,0.75,superclass,4.0,Library
643,644,-1,,,,,
644,645,1,,,,,
645,646,3,,,,,
646,647,1,,,,,
647,648,7,,,,,
648,649,7,,,,,
649,650,1,,,,,
650,651,72,,,,,
651,652,3,,,,,
652,653,1,,,,,
653,654,1,,,,,
654,655,47,,,,,
655,656,72,,,,,
656,657,1,,,,,
657,658,3,,,,,
658,659,139,Alkaloids,0.75,superclass,4.0,In silico
659,660,7,,,,,
660,661,7,,,,,
661,662,83,Fatty acids,1.0,superclass,5.0,Library
662,663,46,Shikimates and Phenylpropanoids;;,1.0,subclass,2.0,Library
663,664,46,Shikimates and Phenylpropanoids;;,1.0,subclass,2.0,Library
664,665,46,Shikimates and Phenylpropanoids;;,1.0,subclass,2.0,Library
665,666,113,,,,,
666,667,-1,,,,,
667,668,41,,,,,
668,669,1,,,,,
669,670,1,,,,,
670,671,7,,,,,
671,672,1,,,,,
672,673,1,,,,,
673,674,1,,,,,
674,675,1,,,,,
675,676,3,,,,,
676,677,18,,,,,
677,678,7,,,,,
678,679,7,,,,,
679,680,7,,,,,
680,681,7,,,,,
681,682,-1,,,,,
682,683,-1,,,,,
683,684,117,,,,,
684,685,-1,,,,,
685,686,250,Fatty acids;Fatty acyls,1.0,class,2.0,In silico
686,687,50,Alkaloids;Nicotinic acid alkaloids;Pyridine alkaloids,1.0,subclass,3.0,In silico
687,688,-1,,,,,
688,689,11,Alkaloids,0.75,superclass,8.0,In silico
689,690,11,Alkaloids,0.75,superclass,8.0,In silico
690,691,145,,,,,
691,692,23,Alkaloids,0.75,superclass,4.0,Library
692,693,7,,,,,
693,694,-1,,,,,
694,695,69,Alkaloids;Tryptophan alkaloids,1.0,class,2.0,In silico
695,696,-1,,,,,
696,697,114,,,,,
697,698,7,,,,,
698,699,109,,,,,
699,700,109,,,,,
700,701,35,,,,,
701,702,1,,,,,
702,703,1,,,,,
703,704,105,Fatty acids;Fatty esters;Fatty acyl carnitines,1.0,subclass,1.0,In silico
704,705,7,,,,,
705,706,7,,,,,
706,707,-1,,,,,
707,708,-1,,,,,
708,709,11,Alkaloids,0.75,superclass,8.0,In silico
709,710,7,,,,,
710,711,23,Alkaloids,0.75,superclass,4.0,Library
711,712,7,,,,,
712,713,7,,,,,
713,714,1,,,,,
714,715,-1,,,,,
715,716,7,,,,,
716,717,114,,,,,
717,718,3,,,,,
718,719,3,,,,,
719,720,109,,,,,
720,721,1,,,,,
721,722,1,,,,,
722,723,-1,,,,,
723,724,105,Fatty acids;Fatty esters;Fatty acyl carnitines,1.0,subclass,1.0,In silico
724,725,7,,,,,
725,726,7,,,,,
726,727,7,,,,,
727,728,23,Alkaloids,0.75,superclass,4.0,Library
728,729,1,,,,,
729,730,3,,,,,
730,731,105,Fatty acids;Fatty esters;Fatty acyl carnitines,1.0,subclass,1.0,In silico
731,732,7,,,,,
732,733,23,Alkaloids,0.75,superclass,4.0,Library
733,734,284,Fatty acids,1.0,superclass,2.0,In silico
734,735,-1,,,,,
735,736,3,,,,,
736,737,-1,,,,,
737,738,72,,,,,
738,739,227,,,,,
739,740,7,,,,,
740,741,57,Alkaloids,1.0,superclass,4.0,In silico
741,742,57,Alkaloids,1.0,superclass,4.0,In silico
742,743,57,Alkaloids,1.0,superclass,4.0,In silico
743,744,-1,,,,,
744,745,1,,,,,
745,746,1,,,,,
746,747,1,,,,,
747,748,49,,,,,
748,749,231,Alkaloids,1.0,superclass,2.0,In silico
749,750,7,,,,,
750,751,126,Alkaloids;Tryptophan alkaloids;Carbazole alkaloids,1.0,subclass,1.0,In silico
751,752,113,,,,,
752,753,113,,,,,
753,754,7,,,,,
754,755,7,,,,,
755,756,7,,,,,
756,757,179,Fatty acids,1.0,superclass,3.0,In silico
757,758,19,Fatty acids,0.7301587301587301,superclass,63.0,In silico
758,759,58,Fatty acids,0.7142857142857143,superclass,7.0,In silico
759,760,-1,,,,,
760,761,19,Fatty acids,0.7301587301587301,superclass,63.0,In silico
761,762,-1,,,,,
762,763,189,Fatty acids,1.0,superclass,7.0,In silico
763,764,131,Fatty acids,1.0,superclass,2.0,In silico
764,765,7,,,,,
765,766,1,,,,,
766,767,3,,,,,
767,768,7,,,,,
768,769,7,,,,,
769,770,-1,,,,,
770,771,7,,,,,
771,772,7,,,,,
772,773,7,,,,,
773,774,-1,,,,,
774,775,35,,,,,
775,776,1,,,,,
776,777,3,,,,,
777,778,23,Alkaloids,0.75,superclass,4.0,Library
778,779,11,Alkaloids,0.75,superclass,8.0,In silico
779,780,23,Alkaloids,0.75,superclass,4.0,Library
780,781,7,,,,,
781,782,-1,,,,,
782,783,114,,,,,
783,784,114,,,,,
784,785,99,Fatty acids;Fatty amides;Nitro fatty acids,1.0,subclass,1.0,In silico
785,786,7,,,,,
786,787,1,,,,,
787,788,1,,,,,
788,789,1,,,,,
789,790,1,,,,,
790,791,1,,,,,
791,792,-1,,,,,
792,793,35,,,,,
793,794,35,,,,,
794,795,35,,,,,
795,796,35,,,,,
796,797,7,,,,,
797,798,7,,,,,
798,799,7,,,,,
799,800,7,,,,,
800,801,118,,,,,
801,802,23,Alkaloids,0.75,superclass,4.0,Library
802,803,-1,,,,,
803,804,1,,,,,
804,805,1,,,,,
805,806,1,,,,,
806,807,1,,,,,
807,808,1,,,,,
808,809,-1,,,,,
809,810,-1,,,,,
810,811,182,,,,,
811,812,7,,,,,
812,813,7,,,,,
813,814,-1,,,,,
814,815,1,,,,,
815,816,139,Alkaloids,0.75,superclass,4.0,In silico
816,817,1,,,,,
817,818,1,,,,,
818,819,1,,,,,
819,820,1,,,,,
820,821,55,,,,,
821,822,118,,,,,
822,823,-1,,,,,
823,824,130,Alkaloids;Pseudoalkaloids (transamidation);Purine alkaloids,1.0,subclass,4.0,In silico
824,825,7,,,,,
825,826,139,Alkaloids,0.75,superclass,4.0,In silico
826,827,7,,,,,
827,828,284,Fatty acids,1.0,superclass,2.0,In silico
828,829,-1,,,,,
829,830,3,,,,,
830,831,1,,,,,
831,832,1,,,,,
832,833,1,,,,,
833,834,1,,,,,
834,835,130,Alkaloids;Pseudoalkaloids (transamidation);Purine alkaloids,1.0,subclass,4.0,In silico
835,836,-1,,,,,
836,837,83,Fatty acids,1.0,superclass,5.0,Library
837,838,69,Alkaloids;Tryptophan alkaloids,1.0,class,2.0,In silico
838,839,-1,,,,,
839,840,3,,,,,
840,841,-1,,,,,
841,842,19,Fatty acids,0.7301587301587301,superclass,63.0,In silico
842,843,83,Fatty acids,1.0,superclass,5.0,Library
843,844,189,Fatty acids,1.0,superclass,7.0,In silico
844,845,145,,,,,
845,846,237,Carbohydrates;Nucleosides;Pyrimidine nucleos(t)ides,1.0,subclass,1.0,Library
846,847,-1,,,,,
847,848,-1,,,,,
848,849,60,,,,,
849,850,7,,,,,
850,851,7,,,,,
851,852,19,Fatty acids,0.7301587301587301,superclass,63.0,In silico
852,853,-1,,,,,
853,854,57,Alkaloids,1.0,superclass,4.0,In silico
854,855,114,,,,,
855,856,99,Fatty acids;Fatty amides;Nitro fatty acids,1.0,subclass,1.0,In silico
856,857,7,,,,,
857,858,109,,,,,
858,859,1,,,,,
859,860,35,,,,,
860,861,1,,,,,
861,862,-1,,,,,
862,863,3,,,,,
863,864,7,,,,,
864,865,11,Alkaloids,0.75,superclass,8.0,In silico
865,866,7,,,,,
866,867,-1,,,,,
867,868,-1,,,,,
868,869,-1,,,,,
869,870,114,,,,,
870,871,109,,,,,
871,872,109,,,,,
872,873,35,,,,,
873,874,35,,,,,
874,875,35,,,,,
875,876,-1,,,,,
876,877,3,,,,,
877,878,7,,,,,
878,879,298,,,,,
879,880,118,,,,,
880,881,23,Alkaloids,0.75,superclass,4.0,Library
881,882,-1,,,,,
882,883,-1,,,,,
883,884,-1,,,,,
884,885,114,,,,,
885,886,35,,,,,
886,887,35,,,,,
887,888,7,,,,,
888,889,182,,,,,
889,890,157,,,,,
890,891,7,,,,,
891,892,7,,,,,
892,893,7,,,,,
893,894,-1,,,,,
894,895,3,,,,,
895,896,7,,,,,
896,897,7,,,,,
897,898,-1,,,,,
898,899,1,,,,,
899,900,229,Fatty acids,1.0,superclass,2.0,In silico
900,901,45,,,,,
901,902,19,Fatty acids,0.7301587301587301,superclass,63.0,In silico
902,903,131,Fatty acids,1.0,superclass,2.0,In silico
903,904,-1,,,,,
904,905,46,Shikimates and Phenylpropanoids;;,1.0,subclass,2.0,Library
905,906,-1,,,,,
906,907,49,,,,,
907,908,7,,,,,
908,909,45,,,,,
909,910,7,,,,,
910,911,72,,,,,
911,912,58,Fatty acids,0.7142857142857143,superclass,7.0,In silico
912,913,19,Fatty acids,0.7301587301587301,superclass,63.0,In silico
913,914,3,,,,,
914,915,189,Fatty acids,1.0,superclass,7.0,In silico
915,916,145,,,,,
916,917,7,,,,,
917,918,19,Fatty acids,0.7301587301587301,superclass,63.0,In silico
918,919,19,Fatty acids,0.7301587301587301,superclass,63.0,In silico
919,920,236,Fatty acids;Fatty esters;Wax monoesters,1.0,subclass,2.0,Library
920,921,99,Fatty acids;Fatty amides;Nitro fatty acids,1.0,subclass,1.0,In silico
921,922,114,,,,,
922,923,114,,,,,
923,924,109,,,,,
924,925,109,,,,,
925,926,190,Alkaloids;Small peptides;Polyamines,1.0,subclass,1.0,In silico
926,927,3,,,,,
927,928,3,,,,,
928,929,7,,,,,
929,930,-1,,,,,
930,931,7,,,,,
931,932,7,,,,,
932,933,7,,,,,
933,934,326,,,,,
934,935,117,,,,,
935,936,285,,,,,
936,937,7,,,,,
937,938,7,,,,,
938,939,1,,,,,
939,940,1,,,,,
940,941,1,,,,,
941,942,-1,,,,,
942,943,3,,,,,
943,944,3,,,,,
944,945,58,Fatty acids,0.7142857142857143,superclass,7.0,In silico
945,946,306,Terpenoids;Flavonoids;Chalcones,1.0,subclass,1.0,In silico
946,947,7,,,,,
947,948,7,,,,,
948,949,35,,,,,
949,950,1,,,,,
950,951,-1,,,,,
951,952,35,,,,,
952,953,7,,,,,
953,954,7,,,,,
954,955,1,,,,,
955,956,55,,,,,
956,957,55,,,,,
957,958,-1,,,,,
958,959,1,,,,,
959,960,1,,,,,
960,961,7,,,,,
961,962,47,,,,,
962,963,7,,,,,
963,964,130,Alkaloids;Pseudoalkaloids (transamidation);Purine alkaloids,1.0,subclass,4.0,In silico
964,965,6,,,,,
965,966,1,,,,,
966,967,1,,,,,
967,968,7,,,,,
968,969,7,,,,,
969,970,130,Alkaloids;Pseudoalkaloids (transamidation);Purine alkaloids,1.0,subclass,4.0,In silico
970,971,162,,,,,
971,972,1,,,,,
972,973,19,Fatty acids,0.7301587301587301,superclass,63.0,In silico
973,974,19,Fatty acids,0.7301587301587301,superclass,63.0,In silico
974,975,3,,,,,
975,976,189,Fatty acids,1.0,superclass,7.0,In silico
976,977,302,Shikimates and Phenylpropanoids;Coumarins,1.0,class,2.0,In silico
977,978,179,Fatty acids,1.0,superclass,3.0,In silico
978,979,189,Fatty acids,1.0,superclass,7.0,In silico
979,980,50,Alkaloids;Nicotinic acid alkaloids;Pyridine alkaloids,1.0,subclass,3.0,In silico
980,981,114,,,,,
981,982,7,,,,,
982,983,109,,,,,
983,984,109,,,,,
984,985,23,Alkaloids,0.75,superclass,4.0,Library
985,986,55,,,,,
986,987,-1,,,,,
987,988,49,,,,,
988,989,7,,,,,
989,990,7,,,,,
990,991,7,,,,,
991,992,109,,,,,
992,993,29,"Terpenoids;Carotenoids (C40);Carotenoids (C40, ?-?)",0.8,subclass,5.0,Library
993,994,35,,,,,
994,995,3,,,,,
995,996,7,,,,,
996,997,7,,,,,
997,998,-1,,,,,
998,999,5,,,,,
999,1000,170,Alkaloids;Tryptophan alkaloids,1.0,class,4.0,In silico
1000,1001,289,Carbohydrates;Nucleosides;Imidazole alkaloids,1.0,subclass,1.0,In silico
1001,1002,226,,,,,
1002,1003,114,,,,,
1003,1004,35,,,,,
1004,1005,35,,,,,
1005,1006,-1,,,,,
1006,1007,130,Alkaloids;Pseudoalkaloids (transamidation);Purine alkaloids,1.0,subclass,4.0,In silico
1007,1008,35,,,,,
1008,1009,-1,,,,,
1009,1010,270,Alkaloids,1.0,superclass,2.0,In silico
1010,1011,-1,,,,,
1011,1012,7,,,,,
1012,1013,126,Alkaloids;Tryptophan alkaloids;Carbazole alkaloids,1.0,subclass,1.0,In silico
1013,1014,36,Fatty acids;Glycerophospholipids;Glycerophosphocholines,0.7391304347826086,subclass,46.0,In silico
1014,1015,45,,,,,
1015,1016,7,,,,,
1016,1017,-1,,,,,
1017,1018,19,Fatty acids,0.7301587301587301,superclass,63.0,In silico
1018,1019,7,,,,,
1019,1020,-1,,,,,
1020,1021,-1,,,,,
1021,1022,47,,,,,
1022,1023,-1,,,,,
1023,1024,58,Fatty acids,0.7142857142857143,superclass,7.0,In silico
1024,1025,19,Fatty acids,0.7301587301587301,superclass,63.0,In silico
1025,1026,189,Fatty acids,1.0,superclass,7.0,In silico
1026,1027,149,Polyketides;Macrolides,1.0,class,2.0,In silico
1027,1028,21,,,,,
1028,1029,60,,,,,
1029,1030,236,Fatty acids;Fatty esters;Wax monoesters,1.0,subclass,2.0,Library
1030,1031,114,,,,,
1031,1032,71,Amino acids and Peptides;Linear polyketides;Open-chain polyketides,1.0,subclass,1.0,In silico
1032,1033,7,,,,,
1033,1034,1,,,,,
1034,1035,1,,,,,
1035,1036,1,,,,,
1036,1037,49,,,,,
1037,1038,49,,,,,
1038,1039,49,,,,,
1039,1040,49,,,,,
1040,1041,49,,,,,
1041,1042,7,,,,,
1042,1043,7,,,,,
1043,1044,7,,,,,
1044,1045,-1,,,,,
1045,1046,109,,,,,
1046,1047,3,,,,,
1047,1048,49,,,,,
1048,1049,49,,,,,
1049,1050,49,,,,,
1050,1051,5,,,,,
1051,1052,138,,,,,
1052,1053,138,,,,,
1053,1054,-1,,,,,
1054,1055,-1,,,,,
1055,1056,35,,,,,
1056,1057,118,,,,,
1057,1058,130,Alkaloids;Pseudoalkaloids (transamidation);Purine alkaloids,1.0,subclass,4.0,In silico
1058,1059,-1,,,,,
1059,1060,147,,,,,
1060,1061,147,,,,,
1061,1062,45,,,,,
1062,1063,326,,,,,
1063,1064,213,,,,,
1064,1065,-1,,,,,
1065,1066,270,Alkaloids,1.0,superclass,2.0,In silico
1066,1067,3,,,,,
1067,1068,-1,,,,,
1068,1069,77,,,,,
1069,1070,-1,,,,,
1070,1071,-1,,,,,
1071,1072,-1,,,,,
1072,1073,125,,,,,
1073,1074,18,,,,,
1074,1075,77,,,,,
1075,1076,47,,,,,
1076,1077,49,,,,,
1077,1078,58,Fatty acids,0.7142857142857143,superclass,7.0,In silico
1078,1079,19,Fatty acids,0.7301587301587301,superclass,63.0,In silico
1079,1080,133,Polyketides|Terpenoids;Meroterpenoids;Tetraketide meroterpenoids,1.0,subclass,1.0,Library
1080,1081,236,Fatty acids;Fatty esters;Wax monoesters,1.0,subclass,2.0,Library
1081,1082,49,,,,,
1082,1083,149,Polyketides;Macrolides,1.0,class,2.0,In silico
1083,1084,298,,,,,
1084,1085,3,,,,,
1085,1086,7,,,,,
1086,1087,-1,,,,,
1087,1088,-1,,,,,
1088,1089,-1,,,,,
1089,1090,19,Fatty acids,0.7301587301587301,superclass,63.0,In silico
1090,1091,117,,,,,
1091,1092,170,Alkaloids;Tryptophan alkaloids,1.0,class,4.0,In silico
1092,1093,226,,,,,
1093,1094,49,,,,,
1094,1095,7,,,,,
1095,1096,-1,,,,,
1096,1097,19,Fatty acids,0.7301587301587301,superclass,63.0,In silico
1097,1098,-1,,,,,
1098,1099,35,,,,,
1099,1100,45,,,,,
1100,1101,117,,,,,
1101,1102,229,Fatty acids,1.0,superclass,2.0,In silico
1102,1103,157,,,,,
1103,1104,151,,,,,
1104,1105,56,Fatty acids;Glycerophospholipids,0.8,class,10.0,In silico
1105,1106,19,Fatty acids,0.7301587301587301,superclass,63.0,In silico
1106,1107,157,,,,,
1107,1108,151,,,,,
1108,1109,184,Fatty acids;Spingolipids;Sphingoid bases,1.0,subclass,1.0,In silico
1109,1110,-1,,,,,
1110,1111,58,Fatty acids,0.7142857142857143,superclass,7.0,In silico
1111,1112,19,Fatty acids,0.7301587301587301,superclass,63.0,In silico
1112,1113,320,,,,,
1113,1114,20,,,,,
1114,1115,20,,,,,
1115,1116,49,,,,,
1116,1117,49,,,,,
1117,1118,49,,,,,
1118,1119,236,Fatty acids;Fatty esters;Wax monoesters,1.0,subclass,2.0,Library
1119,1120,71,Amino acids and Peptides;Linear polyketides;Open-chain polyketides,1.0,subclass,1.0,In silico
1120,1121,123,,,,,
1121,1122,49,,,,,
1122,1123,49,,,,,
1123,1124,49,,,,,
1124,1125,49,,,,,
1125,1126,-1,,,,,
1126,1127,302,Shikimates and Phenylpropanoids;Coumarins,1.0,class,2.0,In silico
1127,1128,179,Fatty acids,1.0,superclass,3.0,In silico
1128,1129,170,Alkaloids;Tryptophan alkaloids,1.0,class,4.0,In silico
1129,1130,226,,,,,
1130,1131,49,,,,,
1131,1132,49,,,,,
1132,1133,49,,,,,
1133,1134,-1,,,,,
1134,1135,7,,,,,
1135,1136,-1,,,,,
1136,1137,-1,,,,,
1137,1138,213,,,,,
1138,1139,78,,,,,
1139,1140,56,Fatty acids;Glycerophospholipids,0.8,class,10.0,In silico
1140,1141,86,Fatty acids;Glycerophospholipids;Glycerophosphates,0.8571428571428571,subclass,14.0,In silico
1141,1142,259,,,,,
1142,1143,49,,,,,
1143,1144,-1,,,,,
1144,1145,-1,,,,,
1145,1146,56,Fatty acids;Glycerophospholipids,0.8,class,10.0,In silico
1146,1147,-1,,,,,
1147,1148,199,,,,,
1148,1149,58,Fatty acids,0.7142857142857143,superclass,7.0,In silico
1149,1150,19,Fatty acids,0.7301587301587301,superclass,63.0,In silico
1150,1151,30,,,,,
1151,1152,19,Fatty acids,0.7301587301587301,superclass,63.0,In silico
1152,1153,62,,,,,
1153,1154,62,,,,,
1154,1155,170,Alkaloids;Tryptophan alkaloids,1.0,class,4.0,In silico
1155,1156,289,Carbohydrates;Nucleosides;Imidazole alkaloids,1.0,subclass,1.0,In silico
1156,1157,226,,,,,
1157,1158,19,Fatty acids,0.7301587301587301,superclass,63.0,In silico
1158,1159,-1,,,,,
1159,1160,78,,,,,
1160,1161,-1,,,,,
1161,1162,-1,,,,,
1162,1163,36,Fatty acids;Glycerophospholipids;Glycerophosphocholines,0.7391304347826086,subclass,46.0,In silico
1163,1164,1,,,,,
1164,1165,1,,,,,
1165,1166,1,,,,,
1166,1167,86,Fatty acids;Glycerophospholipids;Glycerophosphates,0.8571428571428571,subclass,14.0,In silico
1167,1168,1,,,,,
1168,1169,36,Fatty acids;Glycerophospholipids;Glycerophosphocholines,0.7391304347826086,subclass,46.0,In silico
1169,1170,19,Fatty acids,0.7301587301587301,superclass,63.0,In silico
1170,1171,21,,,,,
1171,1172,-1,,,,,
1172,1173,157,,,,,
1173,1174,157,,,,,
1174,1175,58,Fatty acids,0.7142857142857143,superclass,7.0,In silico
1175,1176,19,Fatty acids,0.7301587301587301,superclass,63.0,In silico
1176,1177,125,,,,,
1177,1178,40,,,,,
1178,1179,-1,,,,,
1179,1180,49,,,,,
1180,1181,49,,,,,
1181,1182,49,,,,,
1182,1183,49,,,,,
1183,1184,49,,,,,
1184,1185,184,Fatty acids;Spingolipids;Sphingoid bases,1.0,subclass,1.0,In silico
1185,1186,60,,,,,
1186,1187,-1,,,,,
1187,1188,133,Polyketides|Terpenoids;Meroterpenoids;Tetraketide meroterpenoids,1.0,subclass,1.0,Library
1188,1189,7,,,,,
1189,1190,49,,,,,
1190,1191,49,,,,,
1191,1192,3,,,,,
1192,1193,-1,,,,,
1193,1194,-1,,,,,
1194,1195,86,Fatty acids;Glycerophospholipids;Glycerophosphates,0.8571428571428571,subclass,14.0,In silico
1195,1196,-1,,,,,
1196,1197,19,Fatty acids,0.7301587301587301,superclass,63.0,In silico
1197,1198,117,,,,,
1198,1199,1,,,,,
1199,1200,1,,,,,
1200,1201,1,,,,,
1201,1202,1,,,,,
1202,1203,-1,,,,,
1203,1204,56,Fatty acids;Glycerophospholipids,0.8,class,10.0,In silico
1204,1205,86,Fatty acids;Glycerophospholipids;Glycerophosphates,0.8571428571428571,subclass,14.0,In silico
1205,1206,86,Fatty acids;Glycerophospholipids;Glycerophosphates,0.8571428571428571,subclass,14.0,In silico
1206,1207,86,Fatty acids;Glycerophospholipids;Glycerophosphates,0.8571428571428571,subclass,14.0,In silico
1207,1208,86,Fatty acids;Glycerophospholipids;Glycerophosphates,0.8571428571428571,subclass,14.0,In silico
1208,1209,86,Fatty acids;Glycerophospholipids;Glycerophosphates,0.8571428571428571,subclass,14.0,In silico
1209,1210,86,Fatty acids;Glycerophospholipids;Glycerophosphates,0.8571428571428571,subclass,14.0,In silico
1210,1211,86,Fatty acids;Glycerophospholipids;Glycerophosphates,0.8571428571428571,subclass,14.0,In silico
1211,1212,86,Fatty acids;Glycerophospholipids;Glycerophosphates,0.8571428571428571,subclass,14.0,In silico
1212,1213,86,Fatty acids;Glycerophospholipids;Glycerophosphates,0.8571428571428571,subclass,14.0,In silico
1213,1214,86,Fatty acids;Glycerophospholipids;Glycerophosphates,0.8571428571428571,subclass,14.0,In silico
1214,1215,86,Fatty acids;Glycerophospholipids;Glycerophosphates,0.8571428571428571,subclass,14.0,In silico
1215,1216,86,Fatty acids;Glycerophospholipids;Glycerophosphates,0.8571428571428571,subclass,14.0,In silico
1216,1217,86,Fatty acids;Glycerophospholipids;Glycerophosphates,0.8571428571428571,subclass,14.0,In silico
1217,1218,73,Fatty acids,1.0,superclass,2.0,In silico
1218,1219,25,Fatty acids;Glycerophospholipids;Glycerophosphocholines,1.0,subclass,22.0,In silico
1219,1220,1,,,,,
1220,1221,56,Fatty acids;Glycerophospholipids,0.8,class,10.0,In silico
1221,1222,36,Fatty acids;Glycerophospholipids;Glycerophosphocholines,0.7391304347826086,subclass,46.0,In silico
1222,1223,72,,,,,
1223,1224,199,,,,,
1224,1225,62,,,,,
1225,1226,1,,,,,
1226,1227,1,,,,,
1227,1228,-1,,,,,
1228,1229,49,,,,,
1229,1230,49,,,,,
1230,1231,49,,,,,
1231,1232,-1,,,,,
1232,1233,-1,,,,,
1233,1234,19,Fatty acids,0.7301587301587301,superclass,63.0,In silico
1234,1235,-1,,,,,
1235,1236,62,,,,,
1236,1237,62,,,,,
1237,1238,-1,,,,,
1238,1239,-1,,,,,
1239,1240,7,,,,,
1240,1241,-1,,,,,
1241,1242,19,Fatty acids,0.7301587301587301,superclass,63.0,In silico
1242,1243,62,,,,,
1243,1244,62,,,,,
1244,1245,49,,,,,
1245,1246,49,,,,,
1246,1247,72,,,,,
1247,1248,19,Fatty acids,0.7301587301587301,superclass,63.0,In silico
1248,1249,-1,,,,,
1249,1250,7,,,,,
1250,1251,1,,,,,
1251,1252,1,,,,,
1252,1253,1,,,,,
1253,1254,1,,,,,
1254,1255,1,,,,,
1255,1256,-1,,,,,
1256,1257,36,Fatty acids;Glycerophospholipids;Glycerophosphocholines,0.7391304347826086,subclass,46.0,In silico
1257,1258,36,Fatty acids;Glycerophospholipids;Glycerophosphocholines,0.7391304347826086,subclass,46.0,In silico
1258,1259,-1,,,,,
1259,1260,73,Fatty acids,1.0,superclass,2.0,In silico
1260,1261,-1,,,,,
1261,1262,259,,,,,
1262,1263,25,Fatty acids;Glycerophospholipids;Glycerophosphocholines,1.0,subclass,22.0,In silico
1263,1264,1,,,,,
1264,1265,1,,,,,
1265,1266,36,Fatty acids;Glycerophospholipids;Glycerophosphocholines,0.7391304347826086,subclass,46.0,In silico
1266,1267,21,,,,,
1267,1268,56,Fatty acids;Glycerophospholipids,0.8,class,10.0,In silico
1268,1269,56,Fatty acids;Glycerophospholipids,0.8,class,10.0,In silico
1269,1270,56,Fatty acids;Glycerophospholipids,0.8,class,10.0,In silico
1270,1271,56,Fatty acids;Glycerophospholipids,0.8,class,10.0,In silico
1271,1272,78,,,,,
1272,1273,-1,,,,,
1273,1274,-1,,,,,
1274,1275,1,,,,,
1275,1276,-1,,,,,
1276,1277,30,,,,,
1277,1278,3,,,,,
1278,1279,1,,,,,
1279,1280,3,,,,,
1280,1281,3,,,,,
1281,1282,-1,,,,,
1282,1283,-1,,,,,
1283,1284,285,,,,,
1284,1285,-1,,,,,
1285,1286,78,,,,,
1286,1287,78,,,,,
1287,1288,1,,,,,
1288,1289,1,,,,,
1289,1290,1,,,,,
1290,1291,1,,,,,
1291,1292,-1,,,,,
1292,1293,-1,,,,,
1293,1294,62,,,,,
1294,1295,110,Fatty acids;Glycerophospholipids;Glycerophosphocholines,1.0,subclass,2.0,In silico
1295,1296,7,,,,,
1296,1297,1,,,,,
1297,1298,-1,,,,,
1298,1299,142,,,,,
1299,1300,25,Fatty acids;Glycerophospholipids;Glycerophosphocholines,1.0,subclass,22.0,In silico
1300,1301,22,Fatty acids;Glycerophospholipids;Glycerophosphocholines,1.0,subclass,10.0,In silico
1301,1302,62,,,,,
1302,1303,62,,,,,
1303,1304,36,Fatty acids;Glycerophospholipids;Glycerophosphocholines,0.7391304347826086,subclass,46.0,In silico
1304,1305,-1,,,,,
1305,1306,1,,,,,
1306,1307,-1,,,,,
1307,1308,62,,,,,
1308,1309,62,,,,,
1309,1310,7,,,,,
1310,1311,1,,,,,
1311,1312,1,,,,,
1312,1313,-1,,,,,
1313,1314,62,,,,,
1314,1315,62,,,,,
1315,1316,7,,,,,
1316,1317,1,,,,,
1317,1318,117,,,,,
1318,1319,7,,,,,
1319,1320,1,,,,,
1320,1321,1,,,,,
1321,1322,1,,,,,
1322,1323,1,,,,,
1323,1324,1,,,,,
1324,1325,1,,,,,
1325,1326,1,,,,,
1326,1327,1,,,,,
1327,1328,1,,,,,
1328,1329,1,,,,,
1329,1330,1,,,,,
1330,1331,169,Fatty acids;Glycerophospholipids;Glycerophosphocholines,1.0,subclass,3.0,In silico
1331,1332,36,Fatty acids;Glycerophospholipids;Glycerophosphocholines,0.7391304347826086,subclass,46.0,In silico
1332,1333,30,,,,,
1333,1334,62,,,,,
1334,1335,-1,,,,,
1335,1336,1,,,,,
1336,1337,1,,,,,
1337,1338,169,Fatty acids;Glycerophospholipids;Glycerophosphocholines,1.0,subclass,3.0,In silico
1338,1339,320,,,,,
1339,1340,1,,,,,
1340,1341,1,,,,,
1341,1342,36,Fatty acids;Glycerophospholipids;Glycerophosphocholines,0.7391304347826086,subclass,46.0,In silico
1342,1343,25,Fatty acids;Glycerophospholipids;Glycerophosphocholines,1.0,subclass,22.0,In silico
1343,1344,25,Fatty acids;Glycerophospholipids;Glycerophosphocholines,1.0,subclass,22.0,In silico
1344,1345,1,,,,,
1345,1346,62,,,,,
1346,1347,-1,,,,,
1347,1348,117,,,,,
1348,1349,21,,,,,
1349,1350,3,,,,,
1350,1351,3,,,,,
1351,1352,25,Fatty acids;Glycerophospholipids;Glycerophosphocholines,1.0,subclass,22.0,In silico
1352,1353,-1,,,,,
1353,1354,1,,,,,
1354,1355,36,Fatty acids;Glycerophospholipids;Glycerophosphocholines,0.7391304347826086,subclass,46.0,In silico
1355,1356,36,Fatty acids;Glycerophospholipids;Glycerophosphocholines,0.7391304347826086,subclass,46.0,In silico
1356,1357,36,Fatty acids;Glycerophospholipids;Glycerophosphocholines,0.7391304347826086,subclass,46.0,In silico
1357,1358,36,Fatty acids;Glycerophospholipids;Glycerophosphocholines,0.7391304347826086,subclass,46.0,In silico
1358,1359,36,Fatty acids;Glycerophospholipids;Glycerophosphocholines,0.7391304347826086,subclass,46.0,In silico
1359,1360,36,Fatty acids;Glycerophospholipids;Glycerophosphocholines,0.7391304347826086,subclass,46.0,In silico
1360,1361,36,Fatty acids;Glycerophospholipids;Glycerophosphocholines,0.7391304347826086,subclass,46.0,In silico
1361,1362,36,Fatty acids;Glycerophospholipids;Glycerophosphocholines,0.7391304347826086,subclass,46.0,In silico
1362,1363,36,Fatty acids;Glycerophospholipids;Glycerophosphocholines,0.7391304347826086,subclass,46.0,In silico
1363,1364,36,Fatty acids;Glycerophospholipids;Glycerophosphocholines,0.7391304347826086,subclass,46.0,In silico
1364,1365,36,Fatty acids;Glycerophospholipids;Glycerophosphocholines,0.7391304347826086,subclass,46.0,In silico
1365,1366,36,Fatty acids;Glycerophospholipids;Glycerophosphocholines,0.7391304347826086,subclass,46.0,In silico
1366,1367,36,Fatty acids;Glycerophospholipids;Glycerophosphocholines,0.7391304347826086,subclass,46.0,In silico
1367,1368,36,Fatty acids;Glycerophospholipids;Glycerophosphocholines,0.7391304347826086,subclass,46.0,In silico
1368,1369,36,Fatty acids;Glycerophospholipids;Glycerophosphocholines,0.7391304347826086,subclass,46.0,In silico
1369,1370,36,Fatty acids;Glycerophospholipids;Glycerophosphocholines,0.7391304347826086,subclass,46.0,In silico
1370,1371,36,Fatty acids;Glycerophospholipids;Glycerophosphocholines,0.7391304347826086,subclass,46.0,In silico
1371,1372,36,Fatty acids;Glycerophospholipids;Glycerophosphocholines,0.7391304347826086,subclass,46.0,In silico
1372,1373,36,Fatty acids;Glycerophospholipids;Glycerophosphocholines,0.7391304347826086,subclass,46.0,In silico
1373,1374,7,,,,,
1374,1375,56,Fatty acids;Glycerophospholipids,0.8,class,10.0,In silico
1375,1376,56,Fatty acids;Glycerophospholipids,0.8,class,10.0,In silico
1376,1377,-1,,,,,
1377,1378,56,Fatty acids;Glycerophospholipids,0.8,class,10.0,In silico
1378,1379,3,,,,,
1379,1380,3,,,,,
1380,1381,-1,,,,,
1381,1382,72,,,,,
1382,1383,123,,,,,
1383,1384,-1,,,,,
1384,1385,78,,,,,
1385,1386,3,,,,,
1386,1387,1,,,,,
1387,1388,25,Fatty acids;Glycerophospholipids;Glycerophosphocholines,1.0,subclass,22.0,In silico
1388,1389,3,,,,,
1389,1390,3,,,,,
1390,1391,65,Amino acids and Peptides;Small peptides;Dipeptides,1.0,subclass,2.0,In silico
1391,1392,65,Amino acids and Peptides;Small peptides;Dipeptides,1.0,subclass,2.0,In silico
1392,1393,-1,,,,,
1393,1394,30,,,,,
1394,1395,7,,,,,
1395,1396,169,Fatty acids;Glycerophospholipids;Glycerophosphocholines,1.0,subclass,3.0,In silico
1396,1397,36,Fatty acids;Glycerophospholipids;Glycerophosphocholines,0.7391304347826086,subclass,46.0,In silico
1397,1398,25,Fatty acids;Glycerophospholipids;Glycerophosphocholines,1.0,subclass,22.0,In silico
1398,1399,22,Fatty acids;Glycerophospholipids;Glycerophosphocholines,1.0,subclass,10.0,In silico
1399,1400,3,,,,,
1400,1401,3,,,,,
1401,1402,-1,,,,,
1402,1403,72,,,,,
1403,1404,25,Fatty acids;Glycerophospholipids;Glycerophosphocholines,1.0,subclass,22.0,In silico
1404,1405,25,Fatty acids;Glycerophospholipids;Glycerophosphocholines,1.0,subclass,22.0,In silico
1405,1406,22,Fatty acids;Glycerophospholipids;Glycerophosphocholines,1.0,subclass,10.0,In silico
1406,1407,78,,,,,
1407,1408,-1,,,,,
1408,1409,7,,,,,
1409,1410,-1,,,,,
1410,1411,22,Fatty acids;Glycerophospholipids;Glycerophosphocholines,1.0,subclass,10.0,In silico
1411,1412,25,Fatty acids;Glycerophospholipids;Glycerophosphocholines,1.0,subclass,22.0,In silico
1412,1413,62,,,,,
1413,1414,62,,,,,
1414,1415,7,,,,,
1415,1416,7,,,,,
1416,1417,110,Fatty acids;Glycerophospholipids;Glycerophosphocholines,1.0,subclass,2.0,In silico
1417,1418,7,,,,,
1418,1419,152,Terpenoids,1.0,superclass,3.0,In silico
1419,1420,274,Terpenoids;Sesquiterpenoids,1.0,class,2.0,In silico
1420,1421,274,Terpenoids;Sesquiterpenoids,1.0,class,2.0,In silico
1421,1422,30,,,,,
1422,1423,25,Fatty acids;Glycerophospholipids;Glycerophosphocholines,1.0,subclass,22.0,In silico
1423,1424,22,Fatty acids;Glycerophospholipids;Glycerophosphocholines,1.0,subclass,10.0,In silico
1424,1425,-1,,,,,
1425,1426,62,,,,,
1426,1427,62,,,,,
1427,1428,1,,,,,
1428,1429,-1,,,,,
1429,1430,72,,,,,
1430,1431,11,Alkaloids,0.75,superclass,8.0,In silico
1431,1432,7,,,,,
1432,1433,1,,,,,
1433,1434,1,,,,,
1434,1435,211,Amino acids and Peptides;Oligopeptides;Cyclic peptides,0.75,subclass,4.0,In silico
1435,1436,211,Amino acids and Peptides;Oligopeptides;Cyclic peptides,0.75,subclass,4.0,In silico
1436,1437,1,,,,,
1437,1438,1,,,,,
1438,1439,1,,,,,
1439,1440,1,,,,,
1440,1441,7,,,,,
1441,1442,78,,,,,
1442,1443,1,,,,,
1443,1444,1,,,,,
1444,1445,30,,,,,
1445,1446,7,,,,,
1446,1447,-1,,,,,
1447,1448,261,Terpenoids,1.0,superclass,2.0,In silico
1448,1449,7,,,,,
1449,1450,97,,,,,
1450,1451,1,,,,,
1451,1452,1,,,,,
1452,1453,7,,,,,
1453,1454,319,,,,,
1454,1455,3,,,,,
1455,1456,3,,,,,
1456,1457,5,,,,,
1457,1458,3,,,,,
1458,1459,5,,,,,
1459,1460,3,,,,,
1460,1461,-1,,,,,
1461,1462,-1,,,,,
1462,1463,78,,,,,
1463,1464,3,,,,,
1464,1465,36,Fatty acids;Glycerophospholipids;Glycerophosphocholines,0.7391304347826086,subclass,46.0,In silico
1465,1466,36,Fatty acids;Glycerophospholipids;Glycerophosphocholines,0.7391304347826086,subclass,46.0,In silico
1466,1467,5,,,,,
1467,1468,246,Amino acids and Peptides,1.0,superclass,2.0,In silico
1468,1469,30,,,,,
1469,1470,5,,,,,
1470,1471,1,,,,,
1471,1472,66,,,,,
1472,1473,-1,,,,,
1473,1474,25,Fatty acids;Glycerophospholipids;Glycerophosphocholines,1.0,subclass,22.0,In silico
1474,1475,-1,,,,,
1475,1476,211,Amino acids and Peptides;Oligopeptides;Cyclic peptides,0.75,subclass,4.0,In silico
1476,1477,36,Fatty acids;Glycerophospholipids;Glycerophosphocholines,0.7391304347826086,subclass,46.0,In silico
1477,1478,-1,,,,,
1478,1479,66,,,,,
1479,1480,25,Fatty acids;Glycerophospholipids;Glycerophosphocholines,1.0,subclass,22.0,In silico
1480,1481,22,Fatty acids;Glycerophospholipids;Glycerophosphocholines,1.0,subclass,10.0,In silico
1481,1482,63,,,,,
1482,1483,78,,,,,
1483,1484,211,Amino acids and Peptides;Oligopeptides;Cyclic peptides,0.75,subclass,4.0,In silico
1484,1485,-1,,,,,
1485,1486,66,,,,,
1486,1487,-1,,,,,
1487,1488,25,Fatty acids;Glycerophospholipids;Glycerophosphocholines,1.0,subclass,22.0,In silico
1488,1489,22,Fatty acids;Glycerophospholipids;Glycerophosphocholines,1.0,subclass,10.0,In silico
1489,1490,78,,,,,
1490,1491,30,,,,,
1491,1492,7,,,,,
1492,1493,30,,,,,
1493,1494,3,,,,,
1494,1495,-1,,,,,
1495,1496,-1,,,,,
1496,1497,66,,,,,
1497,1498,25,Fatty acids;Glycerophospholipids;Glycerophosphocholines,1.0,subclass,22.0,In silico
1498,1499,7,,,,,
1499,1500,62,,,,,
1500,1501,-1,,,,,
1501,1502,7,,,,,
1502,1503,7,,,,,
1503,1504,142,,,,,
1504,1505,7,,,,,
1505,1506,62,,,,,
1506,1507,62,,,,,
1507,1508,5,,,,,
1508,1509,7,,,,,
1509,1510,-1,,,,,
1510,1511,7,,,,,
1511,1512,209,Terpenoids,1.0,superclass,3.0,In silico
1512,1513,209,Terpenoids,1.0,superclass,3.0,In silico
1513,1514,85,,,,,
1514,1515,5,,,,,
1515,1516,-1,,,,,
1516,1517,1,,,,,
1517,1518,72,,,,,
1518,1519,1,,,,,
1519,1520,78,,,,,
1520,1521,-1,,,,,
1521,1522,3,,,,,
1522,1523,1,,,,,
1523,1524,30,,,,,
1524,1525,3,,,,,
1525,1526,3,,,,,
1526,1527,124,,,,,
1527,1528,-1,,,,,
1528,1529,72,,,,,
1529,1530,3,,,,,
1530,1531,3,,,,,
1531,1532,3,,,,,
1532,1533,-1,,,,,
1533,1534,7,,,,,
1534,1535,-1,,,,,
1535,1536,29,"Terpenoids;Carotenoids (C40);Carotenoids (C40, ?-?)",0.8,subclass,5.0,Library
1536,1537,-1,,,,,
1537,1538,78,,,,,
1538,1539,29,"Terpenoids;Carotenoids (C40);Carotenoids (C40, ?-?)",0.8,subclass,5.0,Library
1539,1540,29,"Terpenoids;Carotenoids (C40);Carotenoids (C40, ?-?)",0.8,subclass,5.0,Library
1540,1541,29,"Terpenoids;Carotenoids (C40);Carotenoids (C40, ?-?)",0.8,subclass,5.0,Library
1541,1542,29,"Terpenoids;Carotenoids (C40);Carotenoids (C40, ?-?)",0.8,subclass,5.0,Library
1542,1543,29,"Terpenoids;Carotenoids (C40);Carotenoids (C40, ?-?)",0.8,subclass,5.0,Library
1543,1544,22,Fatty acids;Glycerophospholipids;Glycerophosphocholines,1.0,subclass,10.0,In silico
1544,1545,25,Fatty acids;Glycerophospholipids;Glycerophosphocholines,1.0,subclass,22.0,In silico
1545,1546,22,Fatty acids;Glycerophospholipids;Glycerophosphocholines,1.0,subclass,10.0,In silico
1546,1547,25,Fatty acids;Glycerophospholipids;Glycerophosphocholines,1.0,subclass,22.0,In silico
1547,1548,25,Fatty acids;Glycerophospholipids;Glycerophosphocholines,1.0,subclass,22.0,In silico
1548,1549,-1,,,,,
1549,1550,22,Fatty acids;Glycerophospholipids;Glycerophosphocholines,1.0,subclass,10.0,In silico
1550,1551,25,Fatty acids;Glycerophospholipids;Glycerophosphocholines,1.0,subclass,22.0,In silico
1551,1552,-1,,,,,
1552,1553,1,,,,,
1553,1554,1,,,,,
1554,1555,3,,,,,
1555,1556,7,,,,,
1556,1557,30,,,,,
1557,1558,29,"Terpenoids;Carotenoids (C40);Carotenoids (C40, ?-?)",0.8,subclass,5.0,Library
1558,1559,152,Terpenoids,1.0,superclass,3.0,In silico
1559,1560,78,,,,,
1560,1561,-1,,,,,
1561,1562,94,Polyketides,1.0,superclass,3.0,In silico
1562,1563,29,"Terpenoids;Carotenoids (C40);Carotenoids (C40, ?-?)",0.8,subclass,5.0,Library
1563,1564,29,"Terpenoids;Carotenoids (C40);Carotenoids (C40, ?-?)",0.8,subclass,5.0,Library
1564,1565,29,"Terpenoids;Carotenoids (C40);Carotenoids (C40, ?-?)",0.8,subclass,5.0,Library
1565,1566,29,"Terpenoids;Carotenoids (C40);Carotenoids (C40, ?-?)",0.8,subclass,5.0,Library
1566,1567,1,,,,,
1567,1568,19,Fatty acids,0.7301587301587301,superclass,63.0,In silico
1568,1569,-1,,,,,
1569,1570,30,,,,,
1570,1571,29,"Terpenoids;Carotenoids (C40);Carotenoids (C40, ?-?)",0.8,subclass,5.0,Library
1571,1572,29,"Terpenoids;Carotenoids (C40);Carotenoids (C40, ?-?)",0.8,subclass,5.0,Library
1572,1573,29,"Terpenoids;Carotenoids (C40);Carotenoids (C40, ?-?)",0.8,subclass,5.0,Library
1573,1574,7,,,,,
1574,1575,-1,,,,,
1575,1576,29,"Terpenoids;Carotenoids (C40);Carotenoids (C40, ?-?)",0.8,subclass,5.0,Library
1576,1577,7,,,,,
1577,1578,-1,,,,,
1578,1579,25,Fatty acids;Glycerophospholipids;Glycerophosphocholines,1.0,subclass,22.0,In silico
1579,1580,3,,,,,
1580,1581,7,,,,,
1581,1582,3,,,,,
1582,1583,30,,,,,
1583,1584,78,,,,,
1584,1585,7,,,,,
1585,1586,7,,,,,
1586,1587,-1,,,,,
1587,1588,94,Polyketides,1.0,superclass,3.0,In silico
1588,1589,-1,,,,,
1589,1590,19,Fatty acids,0.7301587301587301,superclass,63.0,In silico
1590,1591,234,Amino acids and Peptides,1.0,superclass,2.0,In silico
1591,1592,-1,,,,,
1592,1593,-1,,,,,
1593,1594,25,Fatty acids;Glycerophospholipids;Glycerophosphocholines,1.0,subclass,22.0,In silico
1594,1595,19,Fatty acids,0.7301587301587301,superclass,63.0,In silico
1595,1596,29,"Terpenoids;Carotenoids (C40);Carotenoids (C40, ?-?)",0.8,subclass,5.0,Library
1596,1597,29,"Terpenoids;Carotenoids (C40);Carotenoids (C40, ?-?)",0.8,subclass,5.0,Library
1597,1598,3,,,,,
1598,1599,3,,,,,
1599,1600,72,,,,,
1600,1601,-1,,,,,
1601,1602,30,,,,,
1602,1603,152,Terpenoids,1.0,superclass,3.0,In silico
1603,1604,-1,,,,,
1604,1605,-1,,,,,
1605,1606,7,,,,,
1606,1607,-1,,,,,
1607,1608,19,Fatty acids,0.7301587301587301,superclass,63.0,In silico
1608,1609,-1,,,,,
1609,1610,27,Alkaloids;Tryptophan alkaloids;,1.0,subclass,1.0,Library
1610,1611,-1,,,,,
1611,1612,94,Polyketides,1.0,superclass,3.0,In silico
1612,1613,4,,,,7.0,In silico
1613,1614,4,,,,7.0,In silico
1614,1615,19,Fatty acids,0.7301587301587301,superclass,63.0,In silico
1615,1616,-1,,,,,
1616,1617,-1,,,,,
1617,1618,4,,,,7.0,In silico
1618,1619,19,Fatty acids,0.7301587301587301,superclass,63.0,In silico
1619,1620,209,Terpenoids,1.0,superclass,3.0,In silico
1620,1621,7,,,,,
1621,1622,36,Fatty acids;Glycerophospholipids;Glycerophosphocholines,0.7391304347826086,subclass,46.0,In silico
1622,1623,7,,,,,
1623,1624,149,Polyketides;Macrolides,1.0,class,2.0,In silico
1624,1625,231,Alkaloids,1.0,superclass,2.0,In silico
1625,1626,30,,,,,
1626,1627,-1,,,,,
1627,1628,19,Fatty acids,0.7301587301587301,superclass,63.0,In silico
1628,1629,27,Alkaloids;Tryptophan alkaloids;,1.0,subclass,1.0,Library
1629,1630,27,Alkaloids;Tryptophan alkaloids;,1.0,subclass,1.0,Library
1630,1631,-1,,,,,
1631,1632,27,Alkaloids;Tryptophan alkaloids;,1.0,subclass,1.0,Library
1632,1633,-1,,,,,
1633,1634,19,Fatty acids,0.7301587301587301,superclass,63.0,In silico
1634,1635,26,,,,,
1635,1636,-1,,,,,
1636,1637,36,Fatty acids;Glycerophospholipids;Glycerophosphocholines,0.7391304347826086,subclass,46.0,In silico
1637,1638,19,Fatty acids,0.7301587301587301,superclass,63.0,In silico
1638,1639,-1,,,,,
1639,1640,30,,,,,
1640,1641,85,,,,,
1641,1642,36,Fatty acids;Glycerophospholipids;Glycerophosphocholines,0.7391304347826086,subclass,46.0,In silico
1642,1643,36,Fatty acids;Glycerophospholipids;Glycerophosphocholines,0.7391304347826086,subclass,46.0,In silico
1643,1644,31,Fatty acids,0.9333333333333333,superclass,30.0,In silico
1644,1645,7,,,,,
1645,1646,165,,,,,
1646,1647,-1,,,,,
1647,1648,152,Terpenoids,1.0,superclass,3.0,In silico
1648,1649,-1,,,,,
1649,1650,217,,,,,
1650,1651,-1,,,,,
1651,1652,30,,,,,
1652,1653,-1,,,,,
1653,1654,-1,,,,,
1654,1655,19,Fatty acids,0.7301587301587301,superclass,63.0,In silico
1655,1656,19,Fatty acids,0.7301587301587301,superclass,63.0,In silico
1656,1657,27,Alkaloids;Tryptophan alkaloids;,1.0,subclass,1.0,Library
1657,1658,-1,,,,,
1658,1659,19,Fatty acids,0.7301587301587301,superclass,63.0,In silico
1659,1660,26,,,,,
1660,1661,26,,,,,
1661,1662,19,Fatty acids,0.7301587301587301,superclass,63.0,In silico
1662,1663,192,Polyketides,1.0,superclass,2.0,In silico
1663,1664,29,"Terpenoids;Carotenoids (C40);Carotenoids (C40, ?-?)",0.8,subclass,5.0,Library
1664,1665,3,,,,,
1665,1666,3,,,,,
1666,1667,100,Fatty acids,1.0,superclass,16.0,In silico
1667,1668,100,Fatty acids,1.0,superclass,16.0,In silico
1668,1669,100,Fatty acids,1.0,superclass,16.0,In silico
1669,1670,100,Fatty acids,1.0,superclass,16.0,In silico
1670,1671,100,Fatty acids,1.0,superclass,16.0,In silico
1671,1672,100,Fatty acids,1.0,superclass,16.0,In silico
1672,1673,100,Fatty acids,1.0,superclass,16.0,In silico
1673,1674,100,Fatty acids,1.0,superclass,16.0,In silico
1674,1675,100,Fatty acids,1.0,superclass,16.0,In silico
1675,1676,100,Fatty acids,1.0,superclass,16.0,In silico
1676,1677,100,Fatty acids,1.0,superclass,16.0,In silico
1677,1678,100,Fatty acids,1.0,superclass,16.0,In silico
1678,1679,100,Fatty acids,1.0,superclass,16.0,In silico
1679,1680,100,Fatty acids,1.0,superclass,16.0,In silico
1680,1681,100,Fatty acids,1.0,superclass,16.0,In silico
1681,1682,100,Fatty acids,1.0,superclass,16.0,In silico
1682,1683,222,Terpenoids,0.75,superclass,4.0,In silico
1683,1684,222,Terpenoids,0.75,superclass,4.0,In silico
1684,1685,222,Terpenoids,0.75,superclass,4.0,In silico
1685,1686,72,,,,,
1686,1687,222,Terpenoids,0.75,superclass,4.0,In silico
1687,1688,-1,,,,,
1688,1689,19,Fatty acids,0.7301587301587301,superclass,63.0,In silico
1689,1690,18,,,,,
1690,1691,-1,,,,,
1691,1692,165,,,,,
1692,1693,19,Fatty acids,0.7301587301587301,superclass,63.0,In silico
1693,1694,234,Amino acids and Peptides,1.0,superclass,2.0,In silico
1694,1695,19,Fatty acids,0.7301587301587301,superclass,63.0,In silico
1695,1696,-1,,,,,
1696,1697,26,,,,,
1697,1698,19,Fatty acids,0.7301587301587301,superclass,63.0,In silico
1698,1699,192,Polyketides,1.0,superclass,2.0,In silico
1699,1700,-1,,,,,
1700,1701,36,Fatty acids;Glycerophospholipids;Glycerophosphocholines,0.7391304347826086,subclass,46.0,In silico
1701,1702,31,Fatty acids,0.9333333333333333,superclass,30.0,In silico
1702,1703,-1,,,,,
1703,1704,31,Fatty acids,0.9333333333333333,superclass,30.0,In silico
1704,1705,27,Alkaloids;Tryptophan alkaloids;,1.0,subclass,1.0,Library
1705,1706,7,,,,,
1706,1707,72,,,,,
1707,1708,-1,,,,,
1708,1709,123,,,,,
1709,1710,24,,,,,
1710,1711,24,,,,,
1711,1712,24,,,,,
1712,1713,24,,,,,
1713,1714,24,,,,,
1714,1715,24,,,,,
1715,1716,24,,,,,
1716,1717,24,,,,,
1717,1718,24,,,,,
1718,1719,19,Fatty acids,0.7301587301587301,superclass,63.0,In silico
1719,1720,23,Alkaloids,0.75,superclass,4.0,Library
1720,1721,18,,,,,
1721,1722,19,Fatty acids,0.7301587301587301,superclass,63.0,In silico
1722,1723,-1,,,,,
1723,1724,143,Fatty acids;;,1.0,subclass,1.0,Library
1724,1725,30,,,,,
1725,1726,19,Fatty acids,0.7301587301587301,superclass,63.0,In silico
1726,1727,36,Fatty acids;Glycerophospholipids;Glycerophosphocholines,0.7391304347826086,subclass,46.0,In silico
1727,1728,19,Fatty acids,0.7301587301587301,superclass,63.0,In silico
1728,1729,211,Amino acids and Peptides;Oligopeptides;Cyclic peptides,0.75,subclass,4.0,In silico
1729,1730,1,,,,,
1730,1731,36,Fatty acids;Glycerophospholipids;Glycerophosphocholines,0.7391304347826086,subclass,46.0,In silico
1731,1732,36,Fatty acids;Glycerophospholipids;Glycerophosphocholines,0.7391304347826086,subclass,46.0,In silico
1732,1733,19,Fatty acids,0.7301587301587301,superclass,63.0,In silico
1733,1734,236,Fatty acids;Fatty esters;Wax monoesters,1.0,subclass,2.0,Library
1734,1735,-1,,,,,
1735,1736,-1,,,,,
1736,1737,1,,,,,
1737,1738,19,Fatty acids,0.7301587301587301,superclass,63.0,In silico
1738,1739,1,,,,,
1739,1740,1,,,,,
1740,1741,3,,,,,
1741,1742,19,Fatty acids,0.7301587301587301,superclass,63.0,In silico
1742,1743,-1,,,,,
1743,1744,3,,,,,
1744,1745,19,Fatty acids,0.7301587301587301,superclass,63.0,In silico
1745,1746,-1,,,,,
1746,1747,-1,,,,,
1747,1748,-1,,,,,
1748,1749,-1,,,,,
1749,1750,-1,,,,,
1750,1751,123,,,,,
1751,1752,-1,,,,,
1752,1753,233,Shikimates and Phenylpropanoids;Flavonoids,1.0,class,2.0,In silico
1753,1754,233,Shikimates and Phenylpropanoids;Flavonoids,1.0,class,2.0,In silico
1754,1755,30,,,,,
1755,1756,19,Fatty acids,0.7301587301587301,superclass,63.0,In silico
1756,1757,27,Alkaloids;Tryptophan alkaloids;,1.0,subclass,1.0,Library
1757,1758,269,,,,,
1758,1759,269,,,,,
1759,1760,19,Fatty acids,0.7301587301587301,superclass,63.0,In silico
1760,1761,36,Fatty acids;Glycerophospholipids;Glycerophosphocholines,0.7391304347826086,subclass,46.0,In silico
1761,1762,36,Fatty acids;Glycerophospholipids;Glycerophosphocholines,0.7391304347826086,subclass,46.0,In silico
1762,1763,36,Fatty acids;Glycerophospholipids;Glycerophosphocholines,0.7391304347826086,subclass,46.0,In silico
1763,1764,36,Fatty acids;Glycerophospholipids;Glycerophosphocholines,0.7391304347826086,subclass,46.0,In silico
1764,1765,36,Fatty acids;Glycerophospholipids;Glycerophosphocholines,0.7391304347826086,subclass,46.0,In silico
1765,1766,36,Fatty acids;Glycerophospholipids;Glycerophosphocholines,0.7391304347826086,subclass,46.0,In silico
1766,1767,19,Fatty acids,0.7301587301587301,superclass,63.0,In silico
1767,1768,31,Fatty acids,0.9333333333333333,superclass,30.0,In silico
1768,1769,19,Fatty acids,0.7301587301587301,superclass,63.0,In silico
1769,1770,-1,,,,,
1770,1771,19,Fatty acids,0.7301587301587301,superclass,63.0,In silico
1771,1772,31,Fatty acids,0.9333333333333333,superclass,30.0,In silico
1772,1773,-1,,,,,
1773,1774,246,Amino acids and Peptides,1.0,superclass,2.0,In silico
1774,1775,4,,,,7.0,In silico
1775,1776,19,Fatty acids,0.7301587301587301,superclass,63.0,In silico
1776,1777,-1,,,,,
1777,1778,72,,,,,
1778,1779,19,Fatty acids,0.7301587301587301,superclass,63.0,In silico
1779,1780,1,,,,,
1780,1781,1,,,,,
1781,1782,-1,,,,,
1782,1783,1,,,,,
1783,1784,1,,,,,
1784,1785,1,,,,,
1785,1786,1,,,,,
1786,1787,261,Terpenoids,1.0,superclass,2.0,In silico
1787,1788,1,,,,,
1788,1789,1,,,,,
1789,1790,19,Fatty acids,0.7301587301587301,superclass,63.0,In silico
1790,1791,19,Fatty acids,0.7301587301587301,superclass,63.0,In silico
1791,1792,31,Fatty acids,0.9333333333333333,superclass,30.0,In silico
1792,1793,236,Fatty acids;Fatty esters;Wax monoesters,1.0,subclass,2.0,Library
1793,1794,-1,,,,,
1794,1795,-1,,,,,
1795,1796,85,,,,,
1796,1797,5,,,,,
1797,1798,3,,,,,
1798,1799,5,,,,,
1799,1800,-1,,,,,
1800,1801,-1,,,,,
1801,1802,-1,,,,,
1802,1803,-1,,,,,
1803,1804,30,,,,,
1804,1805,143,Fatty acids;;,1.0,subclass,1.0,Library
1805,1806,119,Fatty acids;Spingolipids;Neutral glycosphingolipids,1.0,subclass,2.0,In silico
1806,1807,19,Fatty acids,0.7301587301587301,superclass,63.0,In silico
1807,1808,-1,,,,,
1808,1809,119,Fatty acids;Spingolipids;Neutral glycosphingolipids,1.0,subclass,2.0,In silico
1809,1810,119,Fatty acids;Spingolipids;Neutral glycosphingolipids,1.0,subclass,2.0,In silico
1810,1811,19,Fatty acids,0.7301587301587301,superclass,63.0,In silico
1811,1812,5,,,,,
1812,1813,1,,,,,
1813,1814,-1,,,,,
1814,1815,119,Fatty acids;Spingolipids;Neutral glycosphingolipids,1.0,subclass,2.0,In silico
1815,1816,-1,,,,,
1816,1817,119,Fatty acids;Spingolipids;Neutral glycosphingolipids,1.0,subclass,2.0,In silico
1817,1818,-1,,,,,
1818,1819,30,,,,,
1819,1820,3,,,,,
1820,1821,119,Fatty acids;Spingolipids;Neutral glycosphingolipids,1.0,subclass,2.0,In silico
1821,1822,3,,,,,
1822,1823,-1,,,,,
1823,1824,72,,,,,
1824,1825,31,Fatty acids,0.9333333333333333,superclass,30.0,In silico
1825,1826,31,Fatty acids,0.9333333333333333,superclass,30.0,In silico
1826,1827,19,Fatty acids,0.7301587301587301,superclass,63.0,In silico
1827,1828,31,Fatty acids,0.9333333333333333,superclass,30.0,In silico
1828,1829,31,Fatty acids,0.9333333333333333,superclass,30.0,In silico
1829,1830,-1,,,,,
1830,1831,31,Fatty acids,0.9333333333333333,superclass,30.0,In silico
1831,1832,31,Fatty acids,0.9333333333333333,superclass,30.0,In silico
1832,1833,19,Fatty acids,0.7301587301587301,superclass,63.0,In silico
1833,1834,-1,,,,,
1834,1835,-1,,,,,
1835,1836,40,,,,,
1836,1837,-1,,,,,
1837,1838,40,,,,,
1838,1839,1,,,,,
1839,1840,1,,,,,
1840,1841,3,,,,,
1841,1842,31,Fatty acids,0.9333333333333333,superclass,30.0,In silico
1842,1843,3,,,,,
1843,1844,-1,,,,,
1844,1845,-1,,,,,
1845,1846,31,Fatty acids,0.9333333333333333,superclass,30.0,In silico
1846,1847,31,Fatty acids,0.9333333333333333,superclass,30.0,In silico
1847,1848,-1,,,,,
1848,1849,3,,,,,
1849,1850,-1,,,,,
1850,1851,3,,,,,
1851,1852,30,,,,,
1852,1853,1,,,,,
1853,1854,1,,,,,
1854,1855,1,,,,,
1855,1856,1,,,,,
1856,1857,-1,,,,,
1857,1858,1,,,,,
1858,1859,3,,,,,
1859,1860,31,Fatty acids,0.9333333333333333,superclass,30.0,In silico
1860,1861,-1,,,,,
1861,1862,3,,,,,
1862,1863,319,,,,,
1863,1864,7,,,,,
1864,1865,31,Fatty acids,0.9333333333333333,superclass,30.0,In silico
1865,1866,31,Fatty acids,0.9333333333333333,superclass,30.0,In silico
1866,1867,-1,,,,,
1867,1868,4,,,,7.0,In silico
1868,1869,31,Fatty acids,0.9333333333333333,superclass,30.0,In silico
1869,1870,31,Fatty acids,0.9333333333333333,superclass,30.0,In silico
1870,1871,31,Fatty acids,0.9333333333333333,superclass,30.0,In silico
1871,1872,19,Fatty acids,0.7301587301587301,superclass,63.0,In silico
1872,1873,129,Fatty acids,0.75,superclass,8.0,In silico
1873,1874,31,Fatty acids,0.9333333333333333,superclass,30.0,In silico
1874,1875,47,,,,,
1875,1876,129,Fatty acids,0.75,superclass,8.0,In silico
1876,1877,-1,,,,,
1877,1878,31,Fatty acids,0.9333333333333333,superclass,30.0,In silico
1878,1879,30,,,,,
1879,1880,129,Fatty acids,0.75,superclass,8.0,In silico
1880,1881,129,Fatty acids,0.75,superclass,8.0,In silico
1881,1882,-1,,,,,
1882,1883,-1,,,,,
1883,1884,-1,,,,,
1884,1885,9,Fatty acids;Glycerophospholipids;Glycerophosphocholines,1.0,subclass,45.0,In silico
1885,1886,28,Fatty acids;Glycerophospholipids;Glycerophosphocholines,1.0,subclass,4.0,In silico
1886,1887,28,Fatty acids;Glycerophospholipids;Glycerophosphocholines,1.0,subclass,4.0,In silico
1887,1888,-1,,,,,
1888,1889,9,Fatty acids;Glycerophospholipids;Glycerophosphocholines,1.0,subclass,45.0,In silico
1889,1890,28,Fatty acids;Glycerophospholipids;Glycerophosphocholines,1.0,subclass,4.0,In silico
1890,1891,-1,,,,,
1891,1892,214,Fatty acids;Glycerophospholipids;Glycerophosphocholines,1.0,subclass,2.0,In silico
1892,1893,156,Fatty acids;Glycerophospholipids;Glycerophosphocholines,1.0,subclass,3.0,In silico
1893,1894,214,Fatty acids;Glycerophospholipids;Glycerophosphocholines,1.0,subclass,2.0,In silico
1894,1895,28,Fatty acids;Glycerophospholipids;Glycerophosphocholines,1.0,subclass,4.0,In silico
1895,1896,156,Fatty acids;Glycerophospholipids;Glycerophosphocholines,1.0,subclass,3.0,In silico
1896,1897,-1,,,,,
1897,1898,9,Fatty acids;Glycerophospholipids;Glycerophosphocholines,1.0,subclass,45.0,In silico
1898,1899,9,Fatty acids;Glycerophospholipids;Glycerophosphocholines,1.0,subclass,45.0,In silico
1899,1900,9,Fatty acids;Glycerophospholipids;Glycerophosphocholines,1.0,subclass,45.0,In silico
1900,1901,9,Fatty acids;Glycerophospholipids;Glycerophosphocholines,1.0,subclass,45.0,In silico
1901,1902,9,Fatty acids;Glycerophospholipids;Glycerophosphocholines,1.0,subclass,45.0,In silico
1902,1903,9,Fatty acids;Glycerophospholipids;Glycerophosphocholines,1.0,subclass,45.0,In silico
1903,1904,9,Fatty acids;Glycerophospholipids;Glycerophosphocholines,1.0,subclass,45.0,In silico
1904,1905,9,Fatty acids;Glycerophospholipids;Glycerophosphocholines,1.0,subclass,45.0,In silico
1905,1906,9,Fatty acids;Glycerophospholipids;Glycerophosphocholines,1.0,subclass,45.0,In silico
1906,1907,9,Fatty acids;Glycerophospholipids;Glycerophosphocholines,1.0,subclass,45.0,In silico
1907,1908,9,Fatty acids;Glycerophospholipids;Glycerophosphocholines,1.0,subclass,45.0,In silico
1908,1909,9,Fatty acids;Glycerophospholipids;Glycerophosphocholines,1.0,subclass,45.0,In silico
1909,1910,9,Fatty acids;Glycerophospholipids;Glycerophosphocholines,1.0,subclass,45.0,In silico
1910,1911,9,Fatty acids;Glycerophospholipids;Glycerophosphocholines,1.0,subclass,45.0,In silico
1911,1912,268,Fatty acids;Glycerophospholipids;Glycerophosphocholines,1.0,subclass,2.0,In silico
1912,1913,-1,,,,,
1913,1914,9,Fatty acids;Glycerophospholipids;Glycerophosphocholines,1.0,subclass,45.0,In silico
1914,1915,9,Fatty acids;Glycerophospholipids;Glycerophosphocholines,1.0,subclass,45.0,In silico
1915,1916,52,Fatty acids;Spingolipids;Sphingoid bases,0.75,subclass,4.0,In silico
1916,1917,52,Fatty acids;Spingolipids;Sphingoid bases,0.75,subclass,4.0,In silico
1917,1918,52,Fatty acids;Spingolipids;Sphingoid bases,0.75,subclass,4.0,In silico
1918,1919,52,Fatty acids;Spingolipids;Sphingoid bases,0.75,subclass,4.0,In silico
1919,1920,3,,,,,
1920,1921,-1,,,,,
1921,1922,127,Fatty acids;Glycerophospholipids;Glycerophosphocholines,1.0,subclass,2.0,In silico
1922,1923,127,Fatty acids;Glycerophospholipids;Glycerophosphocholines,1.0,subclass,2.0,In silico
1923,1924,40,,,,,
1924,1925,3,,,,,
1925,1926,3,,,,,
1926,1927,85,,,,,
1927,1928,4,,,,7.0,In silico
1928,1929,72,,,,,
1929,1930,3,,,,,
1930,1931,-1,,,,,
1931,1932,-1,,,,,
1932,1933,3,,,,,
1933,1934,31,Fatty acids,0.9333333333333333,superclass,30.0,In silico
1934,1935,3,,,,,
1935,1936,63,,,,,
1936,1937,3,,,,,
1937,1938,31,Fatty acids,0.9333333333333333,superclass,30.0,In silico
1938,1939,129,Fatty acids,0.75,superclass,8.0,In silico
1939,1940,31,Fatty acids,0.9333333333333333,superclass,30.0,In silico
1940,1941,129,Fatty acids,0.75,superclass,8.0,In silico
1941,1942,31,Fatty acids,0.9333333333333333,superclass,30.0,In silico
1942,1943,129,Fatty acids,0.75,superclass,8.0,In silico
1943,1944,43,Fatty acids;Glycerophospholipids;Glycerophosphocholines,1.0,subclass,4.0,In silico
1944,1945,43,Fatty acids;Glycerophospholipids;Glycerophosphocholines,1.0,subclass,4.0,In silico
1945,1946,3,,,,,
1946,1947,129,Fatty acids,0.75,superclass,8.0,In silico
1947,1948,-1,,,,,
1948,1949,-1,,,,,
1949,1950,9,Fatty acids;Glycerophospholipids;Glycerophosphocholines,1.0,subclass,45.0,In silico
1950,1951,9,Fatty acids;Glycerophospholipids;Glycerophosphocholines,1.0,subclass,45.0,In silico
1951,1952,156,Fatty acids;Glycerophospholipids;Glycerophosphocholines,1.0,subclass,3.0,In silico
1952,1953,9,Fatty acids;Glycerophospholipids;Glycerophosphocholines,1.0,subclass,45.0,In silico
1953,1954,9,Fatty acids;Glycerophospholipids;Glycerophosphocholines,1.0,subclass,45.0,In silico
1954,1955,-1,,,,,
1955,1956,9,Fatty acids;Glycerophospholipids;Glycerophosphocholines,1.0,subclass,45.0,In silico
1956,1957,9,Fatty acids;Glycerophospholipids;Glycerophosphocholines,1.0,subclass,45.0,In silico
1957,1958,268,Fatty acids;Glycerophospholipids;Glycerophosphocholines,1.0,subclass,2.0,In silico
1958,1959,9,Fatty acids;Glycerophospholipids;Glycerophosphocholines,1.0,subclass,45.0,In silico
1959,1960,-1,,,,,
1960,1961,9,Fatty acids;Glycerophospholipids;Glycerophosphocholines,1.0,subclass,45.0,In silico
1961,1962,9,Fatty acids;Glycerophospholipids;Glycerophosphocholines,1.0,subclass,45.0,In silico
1962,1963,9,Fatty acids;Glycerophospholipids;Glycerophosphocholines,1.0,subclass,45.0,In silico
1963,1964,30,,,,,
1964,1965,9,Fatty acids;Glycerophospholipids;Glycerophosphocholines,1.0,subclass,45.0,In silico
1965,1966,9,Fatty acids;Glycerophospholipids;Glycerophosphocholines,1.0,subclass,45.0,In silico
1966,1967,9,Fatty acids;Glycerophospholipids;Glycerophosphocholines,1.0,subclass,45.0,In silico
1967,1968,9,Fatty acids;Glycerophospholipids;Glycerophosphocholines,1.0,subclass,45.0,In silico
1968,1969,9,Fatty acids;Glycerophospholipids;Glycerophosphocholines,1.0,subclass,45.0,In silico
1969,1970,9,Fatty acids;Glycerophospholipids;Glycerophosphocholines,1.0,subclass,45.0,In silico
1970,1971,9,Fatty acids;Glycerophospholipids;Glycerophosphocholines,1.0,subclass,45.0,In silico
1971,1972,9,Fatty acids;Glycerophospholipids;Glycerophosphocholines,1.0,subclass,45.0,In silico
1972,1973,9,Fatty acids;Glycerophospholipids;Glycerophosphocholines,1.0,subclass,45.0,In silico
1973,1974,-1,,,,,
1974,1975,9,Fatty acids;Glycerophospholipids;Glycerophosphocholines,1.0,subclass,45.0,In silico
1975,1976,9,Fatty acids;Glycerophospholipids;Glycerophosphocholines,1.0,subclass,45.0,In silico
1976,1977,9,Fatty acids;Glycerophospholipids;Glycerophosphocholines,1.0,subclass,45.0,In silico
1977,1978,9,Fatty acids;Glycerophospholipids;Glycerophosphocholines,1.0,subclass,45.0,In silico
1978,1979,9,Fatty acids;Glycerophospholipids;Glycerophosphocholines,1.0,subclass,45.0,In silico
1979,1980,9,Fatty acids;Glycerophospholipids;Glycerophosphocholines,1.0,subclass,45.0,In silico
1980,1981,9,Fatty acids;Glycerophospholipids;Glycerophosphocholines,1.0,subclass,45.0,In silico
1981,1982,9,Fatty acids;Glycerophospholipids;Glycerophosphocholines,1.0,subclass,45.0,In silico
1982,1983,52,Fatty acids;Spingolipids;Sphingoid bases,0.75,subclass,4.0,In silico
1983,1984,3,,,,,
1984,1985,3,,,,,
1985,1986,3,,,,,
1986,1987,3,,,,,
1987,1988,3,,,,,
1988,1989,3,,,,,
1989,1990,-1,,,,,
1990,1991,-1,,,,,
1991,1992,3,,,,,
1992,1993,3,,,,,
1993,1994,-1,,,,,
1994,1995,49,,,,,
1995,1996,49,,,,,
1996,1997,49,,,,,
1997,1998,-1,,,,,
1998,1999,31,Fatty acids,0.9333333333333333,superclass,30.0,In silico
1999,2000,-1,,,,,
2000,2001,18,,,,,
2001,2002,-1,,,,,
2002,2003,31,Fatty acids,0.9333333333333333,superclass,30.0,In silico
2003,2004,-1,,,,,
2004,2005,-1,,,,,
2005,2006,-1,,,,,
2006,2007,27,Alkaloids;Tryptophan alkaloids;,1.0,subclass,1.0,Library
2007,2008,149,Polyketides;Macrolides,1.0,class,2.0,In silico
2008,2009,43,Fatty acids;Glycerophospholipids;Glycerophosphocholines,1.0,subclass,4.0,In silico
2009,2010,43,Fatty acids;Glycerophospholipids;Glycerophosphocholines,1.0,subclass,4.0,In silico
2010,2011,3,,,,,
2011,2012,3,,,,,
2012,2013,3,,,,,
2013,2014,59,Fatty acids;Glycerophospholipids;Glycerophosphocholines,1.0,subclass,2.0,In silico
2014,2015,3,,,,,
2015,2016,59,Fatty acids;Glycerophospholipids;Glycerophosphocholines,1.0,subclass,2.0,In silico
2016,2017,18,,,,,
2017,2018,3,,,,,
2018,2019,3,,,,,
2019,2020,3,,,,,
2020,2021,3,,,,,
2021,2022,4,,,,7.0,In silico
2022,2023,4,,,,7.0,In silico
2023,2024,31,Fatty acids,0.9333333333333333,superclass,30.0,In silico
2024,2025,31,Fatty acids,0.9333333333333333,superclass,30.0,In silico
2025,2026,31,Fatty acids,0.9333333333333333,superclass,30.0,In silico
2026,2027,3,,,,,
2027,2028,217,,,,,
2028,2029,-1,,,,,
2029,2030,30,,,,,
2030,2031,3,,,,,
2031,2032,173,Fatty acids;Spingolipids;Phosphosphingolipids,1.0,subclass,1.0,In silico
2032,2033,4,,,,7.0,In silico
2033,2034,4,,,,7.0,In silico
2034,2035,4,,,,7.0,In silico
2035,2036,12,,,,,
2036,2037,217,,,,,
2037,2038,27,Alkaloids;Tryptophan alkaloids;,1.0,subclass,1.0,Library
2038,2039,5,,,,,
2039,2040,3,,,,,
2040,2041,3,,,,,
2041,2042,-1,,,,,
2042,2043,27,Alkaloids;Tryptophan alkaloids;,1.0,subclass,1.0,Library
2043,2044,27,Alkaloids;Tryptophan alkaloids;,1.0,subclass,1.0,Library
2044,2045,27,Alkaloids;Tryptophan alkaloids;,1.0,subclass,1.0,Library
2045,2046,27,Alkaloids;Tryptophan alkaloids;,1.0,subclass,1.0,Library
2046,2047,27,Alkaloids;Tryptophan alkaloids;,1.0,subclass,1.0,Library
2047,2048,27,Alkaloids;Tryptophan alkaloids;,1.0,subclass,1.0,Library
2048,2049,27,Alkaloids;Tryptophan alkaloids;,1.0,subclass,1.0,Library
2049,2050,27,Alkaloids;Tryptophan alkaloids;,1.0,subclass,1.0,Library
2050,2051,27,Alkaloids;Tryptophan alkaloids;,1.0,subclass,1.0,Library
2051,2052,27,Alkaloids;Tryptophan alkaloids;,1.0,subclass,1.0,Library
2052,2053,27,Alkaloids;Tryptophan alkaloids;,1.0,subclass,1.0,Library
2053,2054,3,,,,,
2054,2055,10,,,,,
2055,2056,5,,,,,
2056,2057,10,,,,,
2057,2058,3,,,,,
2058,2059,51,,,,,
2059,2060,27,Alkaloids;Tryptophan alkaloids;,1.0,subclass,1.0,Library
2060,2061,27,Alkaloids;Tryptophan alkaloids;,1.0,subclass,1.0,Library
2061,2062,27,Alkaloids;Tryptophan alkaloids;,1.0,subclass,1.0,Library
2062,2063,27,Alkaloids;Tryptophan alkaloids;,1.0,subclass,1.0,Library
2063,2064,27,Alkaloids;Tryptophan alkaloids;,1.0,subclass,1.0,Library
2064,2065,27,Alkaloids;Tryptophan alkaloids;,1.0,subclass,1.0,Library
2065,2066,27,Alkaloids;Tryptophan alkaloids;,1.0,subclass,1.0,Library
2066,2067,27,Alkaloids;Tryptophan alkaloids;,1.0,subclass,1.0,Library
2067,2068,-1,,,,,
2068,2069,-1,,,,,
2069,2070,27,Alkaloids;Tryptophan alkaloids;,1.0,subclass,1.0,Library
2070,2071,173,Fatty acids;Spingolipids;Phosphosphingolipids,1.0,subclass,1.0,In silico
2071,2072,26,,,,,
2072,2073,26,,,,,
2073,2074,51,,,,,
2074,2075,4,,,,7.0,In silico
2075,2076,4,,,,7.0,In silico
2076,2077,3,,,,,
2077,2078,3,,,,,
2078,2079,-1,,,,,
2079,2080,49,,,,,
2080,2081,49,,,,,
2081,2082,49,,,,,
2082,2083,26,,,,,
2083,2084,26,,,,,
2084,2085,26,,,,,
2085,2086,26,,,,,
2086,2087,26,,,,,
2087,2088,26,,,,,
2088,2089,26,,,,,
2089,2090,26,,,,,
2090,2091,84,,,,,
2091,2092,10,,,,,
2092,2093,10,,,,,
2093,2094,10,,,,,
2094,2095,-1,,,,,
2095,2096,85,,,,,
2096,2097,4,,,,7.0,In silico
2097,2098,4,,,,7.0,In silico
2098,2099,217,,,,,
2099,2100,84,,,,,
2100,2101,84,,,,,
2101,2102,-1,,,,,
2102,2103,91,,,,,
2103,2104,3,,,,,
2104,2105,10,,,,,
2105,2106,10,,,,,
2106,2107,-1,,,,,
2107,2108,-1,,,,,
2108,2109,4,,,,7.0,In silico
2109,2110,4,,,,7.0,In silico
2110,2111,-1,,,,,
2111,2112,217,,,,,
2112,2113,91,,,,,
2113,2114,-1,,,,,
2114,2115,208,,,,,
2115,2116,208,,,,,
2116,2117,10,,,,,
2117,2118,-1,,,,,
2118,2119,4,,,,7.0,In silico
2119,2120,4,,,,7.0,In silico
2120,2121,4,,,,7.0,In silico
2121,2122,12,,,,,
2122,2123,12,,,,,
2123,2124,12,,,,,
2124,2125,12,,,,,
2125,2126,5,,,,,
2126,2127,-1,,,,,
2127,2128,-1,,,,,
2128,2129,4,,,,7.0,In silico
2129,2130,4,,,,7.0,In silico
2130,2131,12,,,,,
2131,2132,12,,,,,
2132,2133,12,,,,,
2133,2134,12,,,,,
2134,2135,12,,,,,
2135,2136,12,,,,,
2136,2137,4,,,,7.0,In silico
2137,2138,12,,,,,
2138,2139,12,,,,,
2139,2140,12,,,,,
2140,2141,-1,,,,,
2141,2142,-1,,,,,
0,248,-1,;;,1.0,,,Library
1,347,-1,Alkaloids;Anthranilic acid alkaloids;,1.0,,,Library
2,404,-1,Shikimates and Phenylpropanoids;Phenolic acids (C6-C1);Shikimic acids and derivatives|Simple phenolic acids,1.0,,,Library
3,145,-1,Alkaloids;;,1.0,,,Library
4,290,-1,Amino acids and Peptides|Shikimates and Phenylpropanoids;Mycosporine derivatives;Mycosporine and Mycosporine-like amino acids,1.0,,,Library
5,370,-1,Alkaloids;;,1.0,,,Library
6,304,-1,;;,1.0,,,Library
7,515,-1,Shikimates and Phenylpropanoids;Flavonoids;Flavones,1.0,,,Library
8,291,-1,;;,1.0,,,Library
9,59,-1,Alkaloids;Nicotinic acid alkaloids;Pyridine alkaloids,1.0,,,Library
10,70,-1,Terpenoids;Steroids;Cholane steroids,1.0,,,Library
11,644,-1,Fatty acids;Fatty amides;N-acyl ethanolamines (endocannabinoids),1.0,,,Library
12,1749,-1,Fatty acids;Fatty amides;Primary amides,1.0,,,Library
13,1708,-1,"Terpenoids;Carotenoids (C40);Carotenoids (C40, ?-?)",1.0,,,Library
14,823,-1,Alkaloids;Tryptophan alkaloids|Anthranilic acid alkaloids;Quinoline alkaloids,1.0,,,Library
15,1867,-1,Polyketides;Polyethers;Macrotetrolides,1.0,,,Library
